annualized_downside_deviation,annualized_return,annualized_sharpe_zero_cash_rate,annualized_sortino_zero_target,annualized_volatility,cumulative_return,dataset,downside_lambda,evaluation_cost,last_cash_weight,maximum_drawdown,mean_daily_cash_weight,mean_daily_log_return,mean_risky_dollar_turnover,negative_return_fraction,observations,policy,seed,selected_update,terminal_wealth,total_log_fee_drag
0.0,0.0,,,0.0,0.0,nyse-o,,0,1.0,0.0,1.0,0.0,0.0,0.0,1131,cash,,,1.0,-0.0
0.0,0.0,,,0.0,0.0,nyse-o,,0.001,1.0,0.0,1.0,0.0,0.0,0.0,1131,cash,,,1.0,-0.0
0.0,0.0,,,0.0,0.0,nyse-o,,0.0025,1.0,0.0,1.0,0.0,0.0,0.0,1131,cash,,,1.0,-0.0
0.0,0.0,,,0.0,0.0,nyse-o,,0.005,1.0,0.0,1.0,0.0,0.0,0.0,1131,cash,,,1.0,-0.0
0.09172984898930842,0.197147711380391,1.3054326392552689,2.0781303925756482,0.1460256020561936,1.2425105662244347,nyse-o,,0,0.0,0.1606090160681246,0.0,0.0007140548423921138,0.012400818274624976,0.484526967285588,1131,equal_weight_crp,,,2.2425105662244347,-0.0
0.09182974787677263,0.19341267970841414,1.2842494187013396,2.041772416136825,0.14599613086466715,1.2112800141760358,nyse-o,,0.001,0.0,0.1612739695256269,0.0,0.000701654765515126,0.012399565089350601,0.4854111405835544,1131,equal_weight_crp,,,2.211280014176036,0.014024486947873175
0.09197972082967418,0.18783279130702657,1.252441022979422,1.9873937608742913,0.14595491520150966,1.1652545101917546,nyse-o,,0.0025,0.0,0.16227046156203684,0.0,0.0006830573927637197,0.012397702601859824,0.4854111405835544,1131,equal_weight_crp,,,2.1652545101917546,0.03505811552971383
0.09223000902795148,0.17859300484998686,1.199343424597271,1.8971825334420989,0.1458941272353183,1.090681115700908,nyse-o,,0.005,0.0,0.16392878767385954,0.0,0.0006520688820204206,0.01239464493957269,0.48629531388152075,1131,equal_weight_crp,,,2.090681115700908,0.07010612118038505
0.09614478337453454,0.18546342183220266,1.1991542669982889,1.889014143286376,0.15145578896393966,1.1459376062013011,nyse-o,,0,0.0,0.17215368567087863,0.0,0.0006751340135475878,0.0008841732979664014,0.47745358090185674,1131,equal_weight_buy_hold,,,2.145937606201301,-0.0
0.09614478337453454,0.18519944812034383,1.1978537159482374,1.8866579999848292,0.15143111574920595,1.1437938123889126,nyse-o,,0.001,0.0,0.17215368567087863,0.0,0.0006742502820417669,0.000883290007958443,0.47745358090185674,1131,equal_weight_buy_hold,,,2.1437938123889126,0.000999500333083388
0.09614478337453454,0.18480409158707656,1.1958845805166418,1.8831325985361296,0.15139703170481758,1.1405861408491784,nyse-o,,0.0025,0.0,0.17215368567087863,0.0,0.000672926338747776,0.0008819683770238418,0.47745358090185674,1131,equal_weight_buy_hold,,,2.1405861408491784,0.0024968801985871545
0.09614478337453454,0.18414676884828096,1.192554651962048,1.8772803152025506,0.15134795620601135,1.1352612997027878,nyse-o,,0.005,0.0,0.17215368567087863,0.0,0.0006707241625210282,0.0008797744258372154,0.47745358090185674,1131,equal_weight_buy_hold,,,2.1352612997027878,0.004987541511038939
0.15703893505821834,0.28788037488378215,1.0611118521258585,1.8428109039111413,0.2727262552803467,2.112660984338243,nyse-o,0.0,0,0.006632150489971043,0.31942460121612415,0.009390774435694953,0.0010039593124040996,0.6440639712836269,0.5039787798408488,1131,return_only,0,400,3.112660984338243,-0.0
0.16244721318566877,0.09493233696014913,0.4660798020018743,0.7810265076781339,0.2722185751270508,0.5023595197617987,nyse-o,0.0,0.001,0.006632150489971043,0.4250582886177966,0.009390774435694953,0.0003598911453522117,0.643781902732343,0.5234305923961097,1131,return_only,0,400,1.5023595197617987,0.7284410969356852
0.17102411871440765,-0.14167237487226725,-0.4292205031198193,-0.6819721578560196,0.2717337276232811,-0.4962341180169034,nyse-o,0.0,0.0025,0.006632150489971043,0.5776566240403275,0.009390774435694953,-0.0006062277972664515,0.6433595580216207,0.5649867374005305,1131,return_only,0,400,0.5037658819830966,1.8211216210373933
0.186644767001909,-0.427963414015355,-1.9206765395295606,-2.795543598943082,0.271661351055087,-0.9184742244349808,nyse-o,0.0,0.005,0.006632150489971043,0.922762177503085,0.009390774435694953,-0.0022164774926038584,0.6426580308444744,0.6198054818744474,1131,return_only,0,400,0.08152577556501917,3.6423140264640006
0.16696932668259684,0.2867513790046552,1.023437630826011,1.7496608074530913,0.2854494286159744,2.1004332299711166,nyse-o,0.0,0,0.0007194402215619875,0.23997989226030658,0.006303893019593333,0.0010004790922461045,0.9464596597641203,0.4942528735632184,1131,return_only,1,600,3.1004332299711166,-0.0
0.1744354675799105,0.013707013844830529,0.18743392858377264,0.3061377633853595,0.28490724333361955,0.0630058264224298,nyse-o,0.0,0.001,0.0007194402215619875,0.3952258229269441,0.006303893019593333,5.402350173045192e-05,0.945900947178522,0.5313881520778072,1131,return_only,1,600,1.0630058264224298,1.070441272873203
0.1865691939737784,-0.29117260732778105,-1.0693522174675856,-1.630379387790835,0.2844512437370232,-0.7865916066286461,nyse-o,0.0,0.0025,0.0007194402215619875,0.8153839371177554,0.006303893019593333,-0.001365647753537461,0.9450650640781474,0.5941644562334217,1131,return_only,1,600,0.21340839337135384,2.676089462581212
0.20933406736401527,-0.609528570581549,-3.157493979233548,-4.293349183008563,0.2846384674061409,-0.9853102734018211,nyse-o,0.0,0.005,0.0007194402215619875,0.9856796537161364,0.006303893019593333,-0.0037317479225408632,0.9436771482874298,0.6746242263483643,1131,return_only,1,600,0.014689726598178913,5.352148753724061
0.18308516039621997,0.31375394599665696,1.0151373946917976,1.7592733528622662,0.317293841871892,2.4033159518864355,nyse-o,0.0,0,0.014451317584090087,0.294893347653561,0.009834137514807334,0.001082891455625288,0.7982967786547475,0.48894783377542,1131,return_only,2,600,3.4033159518864355,-0.0
0.18906092613558811,0.07435210594223274,0.3807797024819514,0.6390781906841929,0.3173087058376923,0.3797140418509579,nyse-o,0.0,0.001,0.014451317584090087,0.38801219908171014,0.009834137514807334,0.0002845943957974106,0.7978645074915517,0.5490716180371353,1131,return_only,2,600,1.379714041850958,0.9028739746653294
0.1988849160981962,-0.20549769214303049,-0.5687519069636685,-0.9084429466606053,0.317670318137736,-0.6438626054488368,nyse-o,0.0,0.0025,0.014451317584090087,0.7009049054104748,0.009834137514807334,-0.0009128547151505188,0.7972177717146568,0.6003536693191865,1131,return_only,2,600,0.35613739455116317,2.2571889191474375
0.21754005477626237,-0.5195216155453821,-2.1371152716327733,-3.135484108789516,0.3191654628227174,-0.9627332137286131,nyse-o,0.0,0.005,0.014451317584090087,0.9652529240324521,0.009834137514807334,-0.002908623163134756,0.7961437961012806,0.6631299734748011,1131,return_only,2,600,0.03726678627138696,4.51440303381761
0.19489816422636083,0.23268944463905772,0.7979252943831558,1.344067098067292,0.32829666117161405,1.5571720913830798,nyse-o,0.0,0,0.013262269047207842,0.3829842611557198,0.010962723546559899,0.0008301520743682514,0.7526716138751036,0.4960212201591512,1131,return_only,3,550,2.5571720913830798,-0.0
0.20018025160250022,0.0197169925573637,0.21990288356648868,0.360288990782169,0.32797542103434413,0.0915848655728575,nyse-o,0.0,0.001,0.013262269047207842,0.46668484290619716,0.010962723546559899,7.748067666831799e-05,0.7522589610605865,0.5587975243147657,1131,return_only,3,550,1.0915848655728575,0.8512713507986246
0.20891306446425736,-0.23278244856977715,-0.6473277996882336,-1.015914355183691,0.3278675522306828,-0.6955588173756095,nyse-o,0.0,0.0025,0.013262269047207842,0.7454965351796271,0.010962723546559899,-0.0010515272953148629,0.7516413206444503,0.6074270557029178,1131,return_only,3,550,0.30444118262439046,2.1281793671116023
0.22568103188174088,-0.522490461479245,-2.084534485811807,-3.035866057010059,0.32867644505960775,-0.9637556034799567,nyse-o,0.0,0.005,0.013262269047207842,0.9664103071283435,0.010962723546559899,-0.0029332188226237014,0.750615526059272,0.6693191865605659,1131,return_only,3,550,0.03624439652004334,4.2563724844978985
0.18355548862005744,0.2299434746787734,0.8460199446340991,1.3643524663658606,0.29601475142773154,1.5317051555006218,nyse-o,0.0,0,0.010152746581240985,0.2932519929084416,0.00532098174118195,0.0008213024316770833,0.9070953399391026,0.5207780725022104,1131,return_only,4,600,2.531705155500622,-0.0
0.19101886663188644,-0.02138819986682927,0.07363701024544343,0.11410149309296869,0.29598618709500873,-0.09247458276576781,nyse-o,0.0,0.001,0.010152746581240985,0.4868284273850563,0.00532098174118195,-8.579461119694138e-05,0.9065892619981908,0.5614500442086648,1131,return_only,4,600,0.9075254172342322,1.0259267554905223
0.20304101419125772,-0.30545982420983053,-1.0824792507508658,-1.5794116325055807,0.2962507960009012,-0.8052297005578563,nyse-o,0.0,0.0025,0.010152746581240985,0.8480615587221237,0.00532098174118195,-0.0014464494839322856,0.905832107183586,0.6021220159151194,1131,return_only,4,600,0.19477029944214377,2.5648274165541967
0.22522966252544468,-0.6078027065000731,-2.9923295731364568,-3.9524994400778946,0.29750069077038704,-0.9850166164615359,nyse-o,0.0,0.005,0.010152746581240985,0.9854738579896786,0.00532098174118195,-0.003714247087538883,0.9045752111588541,0.6613616268788682,1131,return_only,4,600,0.0149833835384641,5.1297065062332585
0.08978202000306505,0.19675712859751648,1.3300687091702963,2.1143009663042758,0.1427191019083855,1.2392287459439983,nyse-o,0.0,0,0.02251339868443471,0.15810048464077608,0.022612897682202152,0.0007127599440603652,0.02430327050597028,0.4854111405835544,1131,cost_aware,0,200,2.2392287459439983,-0.0
0.08998682168888449,0.18945023996640176,1.2874134697812163,2.0413313694666777,0.14268370361492425,1.1785186022657532,nyse-o,0.0,0.001,0.02251339868443471,0.15936603471475408,0.022612897682202152,0.0006884572109317466,0.024301993882923208,0.4880636604774536,1131,cost_aware,0,200,2.1785186022657532,0.027486391168467628
0.09029468870045036,0.17857403711594433,1.2233726707836423,1.932496601585703,0.14263370698242384,1.0905301114187198,nyse-o,0.0,0.0025,0.02251339868443471,0.16126083547946157,0.022612897682202152,0.0006520050182512899,0.024300124314723094,0.48894783377542,1131,cost_aware,0,200,2.09053011141872,0.06871382109006417
0.09080956236164604,0.16066890167783754,1.1164951619232604,1.7527445330599858,0.14255857921029205,0.9517187307698005,nyse-o,0.0,0.005,0.02251339868443471,0.1644094814966539,0.022612897682202152,0.0005912558662822194,0.024297130510160848,0.48983200707338637,1131,cost_aware,0,200,1.9517187307698005,0.13742111196708293
0.08932241988540611,0.19132398816818452,1.3025461023803833,2.0733336175181836,0.14217936363868106,1.193963370356876,nyse-o,0.0,0,0.025131041737551842,0.15671857443453896,0.025978148775900323,0.0006947035069346208,0.019426630287578697,0.48364279398762156,1131,cost_aware,1,150,2.193963370356876,-0.0
0.08948390186595169,0.18550627174854428,1.268336252529238,2.014802170959828,0.14214870810949995,1.1462857577673815,nyse-o,0.0,0.001,0.025131041737551842,0.1578216127253922,0.025978148775900323,0.0006752774479837519,0.01942545498063341,0.484526967285588,1131,cost_aware,1,150,2.1462857577673815,0.02197087267343264
0.08972647024270518,0.17683353805055457,1.2169765629929359,1.9274049274007743,0.1421056461751045,1.0767098332229081,nyse-o,0.0,0.0025,0.025131041737551842,0.15947343894773647,0.025978148775900323,0.0006461404335799255,0.019423721463226924,0.48629531388152075,1131,cost_aware,1,150,2.076709833222908,0.05492483596416038
0.09013167322422626,0.16252129014562966,1.1312666085725502,1.7828019060390707,0.14204159974402367,0.9657375606307026,nyse-o,0.0,0.005,0.025131041737551842,0.16221923451620623,0.025978148775900323,0.0005975840175215902,0.019420888914822937,0.4880636604774536,1131,cost_aware,1,150,1.9657375606307026,0.10984214252613758
0.08982307525471009,0.1974489417300096,1.333257263766964,2.119938548367791,0.1428226981695888,1.2450441667095564,nyse-o,0.0,0,0.02169271455154692,0.15596912694529175,0.022927986156491352,0.0007150532222528601,0.026238537548153595,0.4818744473916888,1131,cost_aware,2,200,2.2450441667095564,-0.0
0.0900426560155915,0.1895575828437741,1.2871440762710233,2.041247526675176,0.1427962512320872,1.1794011102551423,nyse-o,0.0,0.001,0.02169271455154692,0.15738006415179218,0.022927986156491352,0.0006888153129903457,0.026237104953049577,0.4818744473916888,1131,cost_aware,2,200,2.1794011102551423,0.029675075375903772
0.09037288817270778,0.177818593721071,1.217924307329919,1.9239242499766223,0.1427597676222409,1.0845228291551834,nyse-o,0.0,0.0025,0.02169271455154692,0.1594919793049745,0.022927986156491352,0.000649460627886993,0.02623502910393013,0.48364279398762156,1131,cost_aware,2,200,2.0845228291551834,0.07418522422779586
0.09092562053977092,0.15851196065688145,1.1024375362102332,1.7302712211509408,0.1427073909566652,0.9354931023309636,nyse-o,0.0,0.005,0.02169271455154692,0.16299990944024711,0.022927986156491352,0.0005838745599144515,0.026231722232386755,0.48894783377542,1131,cost_aware,2,200,1.9354931023309636,0.14836306710474018
0.08981670586178675,0.1954772207553317,1.3223345314887796,2.1016069234087076,0.14274709340334293,1.2285006386465067,nyse-o,0.0,0,0.024225452600188577,0.15581585102592355,0.022225773597912356,0.0007085137046735344,0.022693463824399376,0.48364279398762156,1131,cost_aware,3,150,2.2285006386465067,-0.0
0.09000481180355799,0.18866025539129172,1.2824984576619824,2.0335870169673536,0.1427156622722005,1.1720323684293104,nyse-o,0.0,0.001,0.024225452600188577,0.15703721347976907,0.022225773597912356,0.0006858207820976201,0.022692235378396004,0.48364279398762156,1131,cost_aware,3,150,2.1720323684293104,0.025665695433359004
0.09028750536634485,0.17850820586547367,1.2226938165280492,1.9320899362105561,0.14267151606214867,1.090006087128081,nyse-o,0.0,0.0025,0.024225452600188577,0.15886585641754902,0.022225773597912356,0.0006517833585092415,0.022690422543200986,0.48717948717948717,1131,cost_aware,3,150,2.090006087128081,0.06416202151181533
0.09076009884990428,0.16178185325941286,1.1228954964179982,1.764338028678644,0.14260587418716478,0.9601321683674184,nyse-o,0.0,0.005,0.024225452600188577,0.16190455685225624,0.022225773597912356,0.000595059154561851,0.022687485042658447,0.4880636604774536,1131,cost_aware,3,150,1.9601321683674184,0.12831709617631384
0.0896977625270974,0.19109087034765015,1.297031331091959,2.063282650498891,0.14268879461448267,1.192037226104251,nyse-o,0.0,0,0.02454783977635388,0.1572628738952191,0.024865496738976818,0.0006939269245387783,0.019738671868898706,0.48629531388152075,1131,cost_aware,4,200,2.192037226104251,-0.0
0.08986092148454998,0.1851810898413928,1.262408396840077,2.004097085392751,0.14265590381739784,1.1436447823314322,nyse-o,0.0,0.001,0.02454783977635388,0.15833160913152056,0.024865496738976818,0.0006741888148535814,0.0197374977951318,0.48629531388152075,1131,cost_aware,4,200,2.143644782331432,0.02232380205395787
0.09010604226283675,0.17637195896325664,1.2104269875406892,1.9157247696862107,0.14260949139281004,1.073056646373166,nyse-o,0.0,0.0025,0.02454783977635388,0.159932135187552,0.024865496738976818,0.0006445836948500122,0.019735764204037793,0.48629531388152075,1131,cost_aware,4,200,2.073056646373166,0.05580719277799469
0.09051559086044678,0.1618368097107563,1.123675023358803,1.7695127335628404,0.14253986898699722,0.9605483446650451,nyse-o,0.0,0.005,0.02454783977635388,0.16259284958640774,0.024865496738976818,0.0005952468627771796,0.019732963817369022,0.48717948717948717,1131,cost_aware,4,200,1.9605483446650451,0.11160714985236837
0.08972534429414088,0.1964696522317313,1.3290781107695682,2.1128246482695836,0.14263564907360304,1.2368156493789382,nyse-o,1,0,0.022915110452267032,0.15794918032626426,0.023005193740692764,0.0007118066042064645,0.023916881760329866,0.4854111405835544,1131,downside_lambda1,0,200,2.236815649378938,-0.0
0.089926624488302,0.18928031037424686,1.2870805015186844,2.040975917211402,0.14260030719148695,1.1771221121585285,nyse-o,1,0.001,0.022915110452267032,0.15919270088467563,0.023005193740692764,0.0006878902498865435,0.023915627426889813,0.4880636604774536,1131,downside_lambda1,0,200,2.1771221121585285,0.02704939673583065
0.09022918034385556,0.17857776591875596,1.224026772423067,1.9338031729604386,0.14255037485590158,1.0905597961714433,nyse-o,1,0.0025,0.022915110452267032,0.16105459645430598,0.023005193740692764,0.0006520175730952633,0.02391379730820996,0.48983200707338637,1131,downside_lambda1,0,200,2.0905597961714433,0.06762139418676866
0.09073513109246555,0.16095506367350532,1.118795713988758,1.7567700326126565,0.14247530377116374,0.9538793072476877,nyse-o,1,0.005,0.022915110452267032,0.16414876405843426,0.023005193740692764,0.0005922341155573566,0.023910874395678853,0.48983200707338637,1131,downside_lambda1,0,200,1.9538793072476877,0.135236484662141
0.08928923983259635,0.19123009057586615,1.3023999765457897,2.073141313617451,0.1421293114956873,1.1931873800308535,nyse-o,1,0,0.02540985943537468,0.15663167182995674,0.02625837231304717,0.0006943907253723094,0.0194340396885018,0.48364279398762156,1131,downside_lambda1,1,150,2.1931873800308535,-0.0
0.08945087138338129,0.18541062093936023,1.2681639894157697,2.0145644804842733,0.14209877408705282,1.1455086642464316,nyse-o,1,0.001,0.02540985943537468,0.15773794054330537,0.02625837231304717,0.0006749572624011298,0.019432859189529327,0.484526967285588,1131,downside_lambda1,1,150,2.1455086642464316,0.021979246620404177
0.08969366561089874,0.17673529713187164,1.2167651914193809,1.9270999777524642,0.14205588902627014,1.0759318826014717,nyse-o,1,0.0025,0.02540985943537468,0.1593945911518635,0.02625837231304717,0.0006458091537721651,0.0194311212306416,0.48629531388152075,1131,downside_lambda1,1,150,2.0759318826014717,0.05494575747976327
0.09009924916753054,0.16241880141043508,1.1309900994443072,1.782386691127928,0.14199213828284568,0.9649598893823645,nyse-o,1,0.005,0.02540985943537468,0.16214838307581658,0.02625837231304717,0.000597234157899935,0.019428305455130253,0.4880636604774536,1131,downside_lambda1,1,150,1.9649598893823645,0.10988407781125556
0.08975397326692146,0.19706584572662944,1.3318865347573081,2.117837061710521,0.1427180815031651,1.2418223914317381,nyse-o,1,0,0.022240823634147894,0.1558910974260732,0.023433692535166858,0.00071378346834984,0.02577660277520873,0.4818744473916888,1131,downside_lambda1,2,200,2.241822391431738,-0.0
0.08996981990184659,0.18931544048411864,1.286556024522022,2.0404700238670324,0.1426915867349321,1.177410756139631,nyse-o,1,0.001,0.022240823634147894,0.15728004640081217,0.023433692535166858,0.0006880074662717689,0.02577521527896573,0.4818744473916888,1131,downside_lambda1,2,200,2.177410756139631,0.02915265835029831
0.09029440596074052,0.17778444644580693,1.2185107668592672,1.9251098579526469,0.1426549980194603,1.0842516074700943,nyse-o,1,0.0025,0.022240823634147894,0.15935911719661588,0.023433692535166858,0.0006493455787396868,0.025773190963901262,0.4827586206896552,1131,downside_lambda1,2,200,2.0842516074700943,0.07287925314908339
0.09083760816600567,0.15881549742636625,1.1049826898089372,1.7346684898056715,0.1426023575103519,0.9377701017861613,nyse-o,1,0.005,0.022240823634147894,0.1628126809218674,0.023433692535166858,0.0005849141290031498,0.025769945119853466,0.48894783377542,1131,downside_lambda1,2,200,1.9377701017861613,0.14575122280110658
0.0897705663952699,0.19528608758432475,1.3217444926267767,2.100802628043252,0.14268282777507044,1.226902006698667,nyse-o,1,0,0.024442811909681075,0.1557806863056621,0.022536485549533365,0.0007078792086000137,0.022472420380563282,0.48364279398762156,1131,downside_lambda1,3,150,2.226902006698667,-0.0
0.08995687388863834,0.18853642398404524,1.2822795903404502,2.0334102230366518,0.14265159359591015,1.171017002663861,nyse-o,1,0.001,0.024442811909681075,0.15699246563806657,0.022536485549533365,0.000685407358607752,0.022471169186369513,0.48364279398762156,1131,downside_lambda1,3,150,2.171017002663861,0.02541566234124799
0.09023685631892811,0.1784839291098732,1.2230323324381678,1.9328451628685543,0.14260773539878815,1.089812867141434,nyse-o,1,0.0025,0.024442811909681075,0.15880676760513424,0.022536485549533365,0.0006517016133643838,0.022469338151204513,0.48717948717948717,1131,downside_lambda1,3,150,2.089812867141434,0.06353686021149763
0.09070489441339805,0.16191979719359528,1.1241643624382749,1.766621965327103,0.14254255355135673,0.9611769255666025,nyse-o,1,0.005,0.024442811909681075,0.1618216842997693,0.022536485549533365,0.0005955302964270318,0.022466389412444842,0.4880636604774536,1131,downside_lambda1,3,150,1.9611769255666025,0.12706661966764243
0.0895848037797436,0.1908914374984183,1.2973205445037945,2.063727729430931,0.1425080674773396,1.1903904484523489,nyse-o,1,0,0.025787782739347166,0.15686606159126493,0.026132611307361955,0.0006932624358105394,0.01934588105725622,0.48629531388152075,1131,downside_lambda1,4,150,2.190390448452349,-0.0
0.0897449847087925,0.1850999487491125,1.263343639515003,2.005638213085556,0.14247585940578567,1.1429861862150923,nyse-o,1,0.001,0.025787782739347166,0.15789198636019408,0.026132611307361955,0.0006739171268500808,0.019344706796267604,0.48629531388152075,1131,downside_lambda1,4,150,2.1429861862150923,0.021879544434278655
0.0899856203347767,0.1764660993476841,1.2123324401729965,1.9188962271042578,0.1424304601874707,1.0738013185903714,nyse-o,1,0.0025,0.025787782739347166,0.159428481909479,0.026132611307361955,0.0006449012457778854,0.01934297265143081,0.48629531388152075,1131,downside_lambda1,4,150,2.0738013185903714,0.054696505926931836
0.09038764424849269,0.1622174209242231,1.127200502400778,1.7753651921191538,0.14236249633906498,0.9634325368376273,nyse-o,1,0.005,0.025787782739347166,0.16198295110319882,0.026132611307361955,0.0005965466276034864,0.019340161711231037,0.48629531388152075,1131,downside_lambda1,4,150,1.9634325368376273,0.10938557908217687
0.08920768428409694,0.19277671521933337,1.3134877373764986,2.0892245396688494,0.14189312760972042,1.2059962383593739,nyse-o,10,0,0.02658516136899981,0.1565874073965624,0.026931354684281546,0.000699539536378175,0.019611036571789014,0.48629531388152075,1131,downside_lambda10,0,150,2.205996238359374,-0.0
0.08937077056705586,0.1868967464860085,1.2789041113745279,2.0300282957024174,0.1418598872630582,1.1576070811724914,nyse-o,10,0.001,0.02658516136899981,0.15764385039400197,0.026931354684281546,0.0006799290670249567,0.019609861456398526,0.48717948717948717,1131,downside_lambda10,0,150,2.1576070811724914,0.022179440838489828
0.0896157590547487,0.1781317086717611,1.2269807080031792,1.9416424663501763,0.14181295785659132,1.087011087527861,nyse-o,10,0.0025,0.02658516136899981,0.15922605287988723,0.026931354684281546,0.0006505154206401755,0.019608128604989682,0.4880636604774536,1131,downside_lambda10,0,150,2.087011087527861,0.055446274899677295
0.09002503128555173,0.16366841909106933,1.140323038751025,1.7954143129473275,0.1417424924349887,0.974458159162281,nyse-o,10,0.005,0.02658516136899981,0.16185652237755588,0.026931354684281546,0.0006014977992228529,0.019605318853602158,0.48983200707338637,1131,downside_lambda10,0,150,1.974458159162281,0.11088520472266905
0.08901786738920762,0.19041025887627505,1.300876872492963,2.0710745850478562,0.14172182368930972,1.1864211687039559,nyse-o,10,0,0.027476765689950913,0.1559675374953754,0.028541260771922785,0.000691658742330076,0.01974210953513333,0.484526967285588,1131,downside_lambda10,1,150,2.186421168703956,-0.0
0.08918309659228903,0.18450283628925668,1.2659850759260582,2.0113731063111677,0.141692414416549,1.1381444519406543,nyse-o,10,0.001,0.027476765689950913,0.1571073389040596,0.028541260771922785,0.0006719172187191223,0.01974091615254226,0.484526967285588,1131,downside_lambda10,1,150,2.1381444519406543,0.02232766320398855
0.089431301631751,0.17569725408422432,1.2136031940567042,1.922239302756765,0.1416512116440712,1.0677256549003213,nyse-o,10,0.0025,0.027476765689950913,0.15881413439673053,0.028541260771922785,0.0006423070608358372,0.019739155977953133,0.48629531388152075,1131,downside_lambda10,1,150,2.0677256549003213,0.0558167517699841
0.0898459404353292,0.16116808756031653,1.126191649167859,1.7747907480688658,0.1415902381748184,0.9554888839303943,nyse-o,10,0.005,0.027476765689950913,0.1616510983041014,0.028541260771922785,0.0005929621845110589,0.01973628504459121,0.48717948717948717,1131,downside_lambda10,1,150,1.9554888839303943,0.11162580689330835
0.08915410243748305,0.19424679091564623,1.3227254770599361,2.1042037468874475,0.14182715888736042,1.218224954015338,nyse-o,10,0,0.027214493304580756,0.15529603074254217,0.02794132295606058,0.0007044273260778331,0.023244519824762968,0.4827586206896552,1131,downside_lambda10,2,200,2.218224954015338,-0.0
0.08934859485540034,0.18727194106163947,1.2816119770578838,2.0339812035774045,0.1418006118506562,1.1606698729008382,nyse-o,10,0.001,0.027214493304580756,0.1565757347446537,0.02794132295606058,0.0006811832890891413,0.02324333840318061,0.48364279398762156,1131,downside_lambda10,2,200,2.1606698729008382,0.02628900583421033
0.08964096173984128,0.17688648375480476,1.2198947799684545,1.9292175634174444,0.1417637985094132,1.0771291938498417,nyse-o,10,0.0025,0.027214493304580756,0.15849163440608893,0.02794132295606058,0.0006463189611865071,0.023241601541554583,0.4854111405835544,1131,downside_lambda10,2,200,2.0771291938498417,0.06572056069208954
0.09012993296982241,0.15978006865881844,1.1169186802812534,1.7561201247472433,0.14171039658014195,0.9450197139019461,nyse-o,10,0.005,0.027214493304580756,0.16167509683165449,0.02794132295606058,0.0005882158379321643,0.02323881558651171,0.48983200707338637,1131,downside_lambda10,2,200,1.945019713901946,0.13143519309275142
0.08936865278392944,0.19370709408346376,1.3171858740233864,2.0945382828901002,0.14211059216303873,1.213729421566129,nyse-o,10,0,0.026506957130358267,0.15548087746793948,0.025487797810199976,0.0007026336112612443,0.02109966497124415,0.48364279398762156,1131,downside_lambda10,3,150,2.213729421566129,-0.0
0.08954377226769042,0.1873770501272376,1.2799880355570905,2.0309780764728376,0.1420805767775821,1.1615285057641596,nyse-o,10,0.001,0.026506957130358267,0.15662761701240246,0.025487797810199976,0.0006815345826643005,0.021098386283415864,0.484526967285588,1131,downside_lambda10,3,150,2.1615285057641596,0.023863001343143477
0.0898068849553582,0.1779455492114479,1.2241448037342195,1.93610653741653,0.14203850438010296,1.085531439558065,nyse-o,10,0.0025,0.026506957130358267,0.1583446602860118,0.025487797810199976,0.0006498883376222636,0.02109650573143701,0.4854111405835544,1131,downside_lambda10,3,150,2.085531439558065,0.059654904485687166
0.09024657128851654,0.16239426087720155,1.1309588889994175,1.7792280316327371,0.14197618583406657,0.9647737144809789,nyse-o,10,0.005,0.026506957130358267,0.1611982623982977,0.025487797810199976,0.000597150380782566,0.021093445476628333,0.4880636604774536,1131,downside_lambda10,3,150,1.964773714480979,0.11930153367138524
0.08783402775390577,0.18758732676319978,1.2990793233397655,2.069022202268335,0.13989180666064205,1.1632470453337436,nyse-o,10,0,0.030847875166222737,0.1515558244186127,0.0421859517292093,0.0006822372720228337,0.03171657803897293,0.4854111405835544,1131,downside_lambda10,4,350,2.1632470453337436,-0.0
0.08809809279073866,0.17813345024383498,1.2421863555570598,1.9719868749850045,0.13985685957453545,1.0870249338855804,nyse-o,10,0.001,0.030847875166222737,0.15344303375220159,0.0421859517292093,0.0006505212867034808,0.03171503193001443,0.48629531388152075,1131,downside_lambda10,4,350,2.0870249338855804,0.03587077939618822
0.08849546844858017,0.16409416874373117,1.1567773084862927,1.8275095758556472,0.1398076490809103,0.9777023931434696,nyse-o,10,0.0025,0.030847875166222737,0.15626594906468505,0.0421859517292093,0.0006029493929346231,0.0317127701889612,0.48894783377542,1131,downside_lambda10,4,350,1.9777023931434696,0.08967459124876617
0.08916119778567215,0.14106749983908928,1.0142593521381595,1.5895551950507523,0.1397341270143469,0.8080845433673189,nyse-o,10,0.005,0.030847875166222737,0.1609499131523593,0.0421859517292093,0.00052366756992816,0.0317091842218435,0.4907161803713528,1131,downside_lambda10,4,350,1.808084543367319,0.17934233306907577
0.053391782739050986,0.11152020187354061,1.2798087000505225,2.048867781579587,0.08547582419999193,0.6072427913658858,nyse-o,100,0,0.16190760595162734,0.08647609534445544,0.4574136944152771,0.0004195580538959039,0.21862902457452668,0.484526967285588,1131,downside_lambda100,0,600,1.6072427913658858,-0.0
0.05506947803756291,0.05193800672434068,0.6347553727442117,0.985769770553331,0.08552243755714649,0.25514491789591554,nyse-o,100,0.001,0.16190760595162734,0.12176391990194013,0.4574136944152771,0.00020092930003920773,0.2185878976418319,0.519893899204244,1131,downside_lambda100,0,600,1.2551449178959155,0.24726912061192335
0.05787758663397934,-0.03150056302000781,-0.33033058876835314,-0.4895802709437426,0.08577989901414848,-0.13381100776677735,nyse-o,100,0.0025,0.16190760595162734,0.2354196779350346,0.4574136944152771,-0.00012701340264769886,0.21852647335107267,0.5667550839964633,1131,downside_lambda100,0,600,0.8661889922332227,0.6181723173508148
0.06335606328205637,-0.1561190123241052,-1.913880610235319,-2.619099326233282,0.08670124027978138,-0.5331869204164625,nyse-o,100,0.005,0.16190760595162734,0.5648493003633819,0.4574136944152771,-0.0006735865245701952,0.21842479971242348,0.610079575596817,1131,downside_lambda100,0,600,0.4668130795835375,1.236346518245158
0.05434570330738091,0.12092287842014815,1.3296660607426778,2.173290145461363,0.08882604808317722,0.6691701624207751,nyse-o,100,0,0.11364336365570099,0.07707884167995216,0.4404097975829044,0.00045298549442841064,0.2342667305649246,0.484526967285588,1131,downside_lambda100,1,600,1.669170162420775,-0.0
0.05607828740331924,0.05666435493285671,0.6652523007417873,1.0529738532695267,0.08876176798785464,0.2806539494458402,nyse-o,100,0.001,0.11364336365570099,0.12075829563641238,0.4404097975829044,0.0002187186962618368,0.2342191603799888,0.5287356321839081,1131,downside_lambda100,1,600,1.2806539494458402,0.264955748726395
0.05901780880854712,-0.032883170872224476,-0.331860079436141,-0.499784581521621,0.08888140727206281,-0.1393469686790394,nyse-o,100,0.0025,0.11364336365570099,0.2316971368497719,0.4404097975829044,-0.00013268243955887274,0.23414811143771252,0.5694076038903625,1131,downside_lambda100,1,600,0.8606530313209606,0.6623904333396176
0.06483310258893599,-0.16558636049222453,-1.9737967020735339,-2.729360336865633,0.08965102562806393,-0.5562358531484943,nyse-o,100,0.005,0.11364336365570099,0.5807713290516732,0.4404097975829044,-0.0007183572577116982,0.23403053171298985,0.6215738284703802,1131,downside_lambda100,1,600,0.4437641468515056,1.3247886526704629
0.05373261832268694,0.11937255884253517,1.352072312280796,2.168047645570612,0.08616024127314005,0.6588339712976694,nyse-o,100,0,0.15077528858518474,0.07150408473181102,0.4511207013402074,0.00044749330558970364,0.24351888670408364,0.4854111405835544,1131,downside_lambda100,2,600,1.6588339712976694,-0.0
0.05556562291170285,0.052745536100644363,0.6397343821947717,0.9917510393016279,0.08614085127496844,0.2594750938945529,nyse-o,100,0.001,0.15077528858518474,0.10550027070552825,0.4511207013402074,0.00020397439612519048,0.24346831006804387,0.5358090185676393,1131,downside_lambda100,2,600,1.259475093894553,0.2754198866043643
0.05869598742399931,-0.03983371036857808,-0.4276754841443491,-0.6291139506042841,0.08634225224953077,-0.16676173559510155,nyse-o,100,0.0025,0.15077528858518474,0.2328761369005936,0.4511207013402074,-0.00016130472680460153,0.24339274682119924,0.5782493368700266,1131,downside_lambda100,2,600,0.8332382644048985,0.688550574637959
0.06489240065793984,-0.17639764246635647,-2.178973384638503,-2.930849434791359,0.087284157361165,-0.5814643298831139,nyse-o,100,0.005,0.15077528858518474,0.608125782002737,0.4511207013402074,-0.0007701088942798816,0.24326761343398867,0.627763041556145,1131,downside_lambda100,2,600,0.41853567011688614,1.3771080880525006
0.054068252096719976,0.14540273343901688,1.5780867357104698,2.5837419527190715,0.08852391195696398,0.839120074563823,nyse-o,100,0,0.09158076634872603,0.08188060093497584,0.44465202873800724,0.0005387155056510417,0.2450943657831389,0.48099027409372236,1131,downside_lambda100,3,600,1.839120074563823,-0.0
0.05590683888455101,0.07679872720473035,0.8799128739440477,1.3935959042657327,0.08854460935516299,0.393871848643093,nyse-o,100,0.001,0.09158076634872603,0.11403165864723552,0.44465202873800724,0.0002936210233778509,0.24504460913652673,0.5287356321839081,1131,downside_lambda100,3,600,1.393871848643093,0.27720185945097886
0.05903681925992011,-0.018480605153586738,-0.1658087329709619,-0.24936701391250457,0.08878805757665822,-0.08031007811005308,nyse-o,100,0.0025,0.09158076634872603,0.17205256192169605,0.44465202873800724,-7.402184542373841e-05,0.2449702918358368,0.5773651635720601,1131,downside_lambda100,3,600,0.9196899218899469,0.6930059440655764
0.06521610488318408,-0.15891722540136732,-1.8828235884322713,-2.591180377402282,0.08975173898507512,-0.5400939728899377,nyse-o,100,0.005,0.09158076634872603,0.567710041775598,0.44465202873800724,-0.0006867666660123636,0.24484724916422498,0.6259946949602122,1131,downside_lambda100,3,600,0.4599060271100624,1.3860203361513115
0.05407070021036483,0.10994126060086074,1.2377447534912493,1.9998102187766373,0.08736141964011171,0.5970212555543273,nyse-o,100,0,0.12500066462884463,0.08978164521296306,0.46498970259911443,0.00041391704581909974,0.23089359224791264,0.4818744473916888,1131,downside_lambda100,4,600,1.5970212555543273,-0.0
0.05573336432404462,0.04720214683359347,0.571853540196263,0.8957704066193801,0.08730259570602857,0.22998240488401156,nyse-o,100,0.001,0.12500066462884463,0.12828603164273333,0.46498970259911443,0.00018302375270527011,0.23084588837794015,0.5384615384615384,1131,downside_lambda100,4,600,1.2299824048840116,0.26114031451174136
0.05860078197143944,-0.040320165749580306,-0.42704841898817336,-0.6372095648838535,0.08743968393642176,-0.16865470710236208,nyse-o,100,0.0025,0.12500066462884463,0.24939880880621368,0.46498970259911443,-0.00016331569894798286,0.2307746167708905,0.5720601237842617,1131,downside_lambda100,4,600,0.8313452928976379,0.6528502343315704
0.06435042245399646,-0.17023990979438752,-2.069557479983504,-2.8385846819540617,0.08826240644287056,-0.5672358358178126,nyse-o,100,0.005,0.12500066462884463,0.5933268396910325,0.46498970259911443,-0.0007405502695196333,0.2306566011554598,0.627763041556145,1131,downside_lambda100,4,600,0.43276416418218744,1.3057025336481072
0.0,0.0,,,0.0,0.0,sp500,,0,1.0,0.0,1.0,0.0,0.0,0.0,256,cash,,,1.0,-0.0
0.0,0.0,,,0.0,0.0,sp500,,0.001,1.0,0.0,1.0,0.0,0.0,0.0,256,cash,,,1.0,-0.0
0.0,0.0,,,0.0,0.0,sp500,,0.0025,1.0,0.0,1.0,0.0,0.0,0.0,256,cash,,,1.0,-0.0
0.0,0.0,,,0.0,0.0,sp500,,0.005,1.0,0.0,1.0,0.0,0.0,0.0,256,cash,,,1.0,-0.0
0.18756408578014727,-0.15948298859274357,-0.49228704338920143,-0.7245731747611618,0.2760663863286988,-0.16179772900073708,sp500,,0,0.0,0.29771745844528363,0.0,-0.0006894368520253075,0.0171922770826934,0.52734375,256,equal_weight_crp,,,0.8382022709992629,-0.0
0.18769787522445158,-0.16311624785897638,-0.507986244833325,-0.7471278380878642,0.27605926175450357,-0.16547836796391013,sp500,,0.001,0.0,0.2985589636931061,0.0,-0.0007066273986872102,0.017188495451647724,0.53125,256,equal_weight_crp,,,0.8345216320360899,0.0044007799454472635
0.18790750594794034,-0.16853538256608736,-0.5315111941566253,-0.7808436276275595,0.2760551051716885,-0.17096769956266678,sp500,,0.0025,0.0,0.29981941541270507,0.0,-0.000732406880753098,0.017182893175703803,0.53125,256,equal_weight_crp,,,0.8290323004373332,0.011000327354314478
0.18828287774974975,-0.17748596272836337,-0.5706516297032896,-0.8367047617681864,0.2760654174501252,-0.1800329760115168,sp500,,0.005,0.0,0.3019153853220842,0.0,-0.0007753560710182031,0.017173639387173492,0.53515625,256,equal_weight_crp,,,0.8199670239884832,0.021995320062181495
0.18201935345930476,-0.18255716508109932,-0.631313908851816,-0.9166423942337366,0.26428477752891805,-0.1851684689761529,sp500,,0,0.0,0.30217381916602404,0.0,-0.0007998980371445366,0.00390625,0.5390625,256,equal_weight_buy_hold,,,0.8148315310238471,-0.0
0.182020064841183,-0.1833610377813537,-0.635042518885392,-0.9220440955102582,0.26428234497711794,-0.1859824864896631,sp500,,0.001,0.0,0.30217381916602404,0.0,-0.0008038023353206436,0.003902347652347653,0.54296875,256,equal_weight_buy_hold,,,0.8140175135103369,0.000999500333083388
0.18203026041042672,-0.18456386328783048,-0.6406047709436751,-0.9300797049154095,0.26428565406842824,-0.18720046780663635,sp500,,0.0025,0.0,0.3021738191660239,0.0,-0.0008096514754202677,0.0038965087281795513,0.54296875,256,equal_weight_buy_hold,,,0.8127995321933636,0.0024968801985871545
0.18207388262379967,-0.186560655725311,-0.6497927700341088,-0.9432787639245158,0.26430953815521807,-0.18922235719020175,sp500,,0.005,0.0,0.3021738191660239,0.0,-0.0008193806211720324,0.0038868159203980105,0.54296875,256,equal_weight_buy_hold,,,0.8107776428097982,0.004987541511038939
0.22527782440509828,-0.055421684632670165,-0.0037908527337280865,-0.005640231822446067,0.3351802993548291,-0.05627616644714717,sp500,0.0,0,0.008185985941844989,0.31877284736367695,0.011435448840886535,-0.00022625665953120486,0.4482289492611592,0.51953125,256,return_only,0,250,0.9437238335528528,-0.0
0.2292970305634933,-0.15631029801087803,-0.3416486325214593,-0.49859286265096675,0.3346299442859249,-0.1585834581953317,sp500,0.0,0.001,0.008185985941844989,0.34224778089216756,0.011435448840886535,-0.0006744861256281016,0.4480952205755751,0.52734375,256,return_only,0,250,0.8414165418046683,0.11474674332080556
0.23541603683224757,-0.2878040164037079,-0.8498999693649089,-1.2054512969482953,0.3339011379585272,-0.29163053859977306,sp500,0.0,0.0025,0.008185985941844989,0.37665206364251624,0.011435448840886535,-0.0013468339189948205,0.44789541717214554,0.546875,256,return_only,0,250,0.7083694614002269,0.2868677784226856
0.2458801779019634,-0.4630184716609962,-1.699607872172204,-2.301427284852678,0.3329446512299248,-0.46829225421123477,sp500,0.0,0.005,0.008185985941844989,0.46871595036116553,0.011435448840886535,-0.002467426916443822,0.44756349871326684,0.578125,256,return_only,0,250,0.5317077457887652,0.5737395857696301
0.1804334663907118,-0.15132290528759673,-0.4845621742859572,-0.7145650931731086,0.26607825283312136,-0.15353031477329704,sp500,0.0,0,0.038873011130030055,0.2892946155563185,0.0394594863030901,-0.0006510972263677569,0.03577054460866534,0.53515625,256,return_only,1,0,0.846469685226703,-0.0
0.1807280752783298,-0.15893829706432405,-0.5185326167673102,-0.7632945677613139,0.26603680008004393,-0.16124591260022747,sp500,0.0,0.001,0.038873011130030055,0.29101932468854286,0.0394594863030901,-0.0006868660840008505,0.03576646108014912,0.54296875,256,return_only,1,0,0.8387540873997725,0.00915682755407206
0.18117912942818426,-0.17023216304597322,-0.5694804736570992,-0.8360284297974663,0.2659808546466895,-0.1726863427628973,sp500,0.0,0.0025,0.038873011130030055,0.2935986019470468,0.0394594863030901,-0.0007405132215560125,0.03576041536373899,0.54296875,256,return_only,1,0,0.8273136572371027,0.02289049476819342
0.1819569695823287,-0.18871601779432012,-0.6543630363954511,-0.9562580214739915,0.26590409611867016,-0.19140472079006132,sp500,0.0,0.005,0.038873011130030055,0.2978767493742722,0.0394594863030901,-0.0008299092188248021,0.03575046183189724,0.546875,256,return_only,1,0,0.8085952792099387,0.04577587006900358
0.2538293917419697,-0.022909077362585295,0.13190510386371324,0.20184537375353134,0.3884177863104192,-0.023268449945274217,sp500,0.0,0,0.013776807920320154,0.3516186243906564,0.004186796301781511,-9.196654040081673e-05,1.262931464163117,0.53125,256,return_only,2,600,0.9767315500547258,-0.0
0.2651136470107903,-0.28925284033954735,-0.6878125719269887,-1.0066224697745398,0.3879972030422053,-0.293094428215637,sp500,0.0,0.001,0.013776807920320154,0.45099534246924167,0.004186796301781511,-0.0013549147806184545,1.2620102084953015,0.56640625,256,return_only,2,600,0.706905571784363,0.3233147494957153
0.2829189364525303,-0.5590613772082689,-1.9167664544019325,-2.626743714133995,0.3877131385670237,-0.5647554418006154,sp500,0.0,0.0025,0.013776807920320154,0.6008564524661555,0.004186796301781511,-0.003249403137160196,1.260631375726819,0.61328125,256,return_only,2,600,0.43524455819938457,0.8083037687704013
0.31486162203488594,-0.8010263444524881,-3.9537206701089698,-4.874070149139093,0.38815530006257526,-0.8060609115664377,sp500,0.0,0.005,0.013776807920320154,0.8074892562209766,0.004186796301781511,-0.00640707479049429,1.2583411439570333,0.64453125,256,return_only,2,600,0.1939390884335623,1.6166677120239292
0.2583904483188079,0.1458876626053125,0.5365014858400495,0.83913974568591,0.404147427011146,0.14836727029981467,sp500,0.0,0,0.0011595406072707696,0.2453401729173259,0.006994165767687086,0.0005403951898329575,1.0583414789724739,0.515625,256,return_only,3,600,1.1483672702998147,-0.0
0.2683855587909061,-0.12236497398931712,-0.12231591792043892,-0.1845061231247436,0.40484329265621666,-0.12418139070727285,sp500,0.0,0.001,0.0011595406072707696,0.29728705028805336,0.006994165767687086,-0.0005179542050957624,1.0576832606689974,0.55078125,256,return_only,3,600,0.8758186092927271,0.27093744510175233
0.28393727819246584,-0.4117413238023584,-1.1041219490955814,-1.5792757272660278,0.40612837366619964,-0.4166748573691227,sp500,0.0,0.0025,0.0011595406072707696,0.4447529291346044,0.006994165767687086,-0.0021055099298260774,1.056697853501475,0.578125,256,return_only,3,600,0.5833251426308773,0.6773517106327129
0.3112985731931796,-0.6980174703169193,-2.7185049418071685,-3.570833858993946,0.4088995639918758,-0.7037027900577597,sp500,0.0,0.005,0.0011595406072707696,0.7070026396714607,0.006994165767687086,-0.004751532190524169,1.0550608705431366,0.609375,256,return_only,3,600,0.29629720994224035,1.3547334093714245
0.24504347826115586,0.022425118975242908,0.24544713594631448,0.37761013896523926,0.3769891285224021,0.022785098255684755,sp500,0.0,0,0.014536215887783484,0.35463331872362536,0.008897572595252123,8.800544832177157e-05,0.8609520934581348,0.546875,256,return_only,4,400,1.0227850982556848,-0.0
0.25288339263737936,-0.17698652123233594,-0.3315662190979201,-0.4929555118163253,0.3759739535184454,-0.17952717556500175,sp500,0.0,0.001,0.014536215887783484,0.39113871307726633,0.008897572595252123,-0.000772947225538487,0.8605153293016519,0.55859375,256,return_only,4,400,0.8204728244349982,0.22040388450822618
0.26500005821295924,-0.4056124396584133,-1.2013047914277595,-1.698241193813732,0.37462101078063265,-0.4105003974135689,sp500,0.0,0.0025,0.014536215887783484,0.45704970562311065,0.008897572595252123,-0.002064379817025684,0.8598613697587505,0.59765625,256,return_only,4,400,0.5894996025864311,0.5510106279289486
0.2861270308915286,-0.6544542726492673,-2.658727080958472,-3.46428949287624,0.37282008892317753,-0.6602337646113449,sp500,0.0,0.005,0.014536215887783484,0.6617550272168109,0.008897572595252123,-0.0042167868781739755,0.8587750630458636,0.625,256,return_only,4,400,0.33976623538865514,1.1020268355829113
0.20598257942358114,-0.17262832048737775,-0.4794078050342268,-0.7011705126002558,0.30126524700790785,-0.17511327923681497,sp500,0.0,0,0.01653963995977492,0.31529040141519293,0.019486990744499104,-0.0007519891025036002,0.1692523196241777,0.5234375,256,cost_aware,0,200,0.824886720763185,-0.0
0.2075296416377028,-0.2071751531063981,-0.6214384013373138,-0.9015307250342437,0.3010666027221917,-0.2100913106687312,sp500,0.0,0.001,0.01653963995977492,0.3238405501838659,0.019486990744499104,-0.0009212418879933217,0.16923179488687062,0.53515625,256,cost_aware,0,200,0.7899086893312688,0.04332871308536877
0.2098699876112865,-0.2563100668599304,-0.8347139480589226,-1.1963276546088173,0.3007895946098035,-0.25979757359926525,sp500,0.0,0.0025,0.01653963995977492,0.3364671013828948,0.019486990744499104,-0.0011751233632870993,0.16920124265184905,0.546875,256,cost_aware,0,200,0.7402024264007347,0.10832237076057595
0.21383394071657846,-0.33152962674249475,-1.190656774382022,-1.6725778681747616,0.30038372468234914,-0.3357895708585108,sp500,0.0,0.005,0.01653963995977492,0.37462028287399396,0.019486990744499104,-0.0015982666732571721,0.16915063995165405,0.55859375,256,cost_aware,0,200,0.6642104291414892,0.21664705811291465
0.1804334663907118,-0.15132290528759673,-0.4845621742859572,-0.7145650931731086,0.26607825283312136,-0.15353031477329704,sp500,0.0,0,0.038873011130030055,0.2892946155563185,0.0394594863030901,-0.0006510972263677569,0.03577054460866534,0.53515625,256,cost_aware,1,0,0.846469685226703,-0.0
0.1807280752783298,-0.15893829706432405,-0.5185326167673102,-0.7632945677613139,0.26603680008004393,-0.16124591260022747,sp500,0.0,0.001,0.038873011130030055,0.29101932468854286,0.0394594863030901,-0.0006868660840008505,0.03576646108014912,0.54296875,256,cost_aware,1,0,0.8387540873997725,0.00915682755407206
0.18117912942818426,-0.17023216304597322,-0.5694804736570992,-0.8360284297974663,0.2659808546466895,-0.1726863427628973,sp500,0.0,0.0025,0.038873011130030055,0.2935986019470468,0.0394594863030901,-0.0007405132215560125,0.03576041536373899,0.54296875,256,cost_aware,1,0,0.8273136572371027,0.02289049476819342
0.1819569695823287,-0.18871601779432012,-0.6543630363954511,-0.9562580214739915,0.26590409611867016,-0.19140472079006132,sp500,0.0,0.005,0.038873011130030055,0.2978767493742722,0.0394594863030901,-0.0008299092188248021,0.03575046183189724,0.546875,256,cost_aware,1,0,0.8085952792099387,0.04577587006900358
0.1803165482923431,-0.15103442599902728,-0.48512093135512036,-0.7140791059998784,0.2654189322276935,-0.15323801790477554,sp500,0.0,0,0.03683902512226998,0.2872239125099385,0.038563534458951394,-0.0006497485808444782,0.03450104719846719,0.5234375,256,cost_aware,2,0,0.8467619820952245,-0.0
0.18061989918867055,-0.15838317609924624,-0.517892832551046,-0.7609953268079505,0.26540413493278764,-0.1606835245036532,sp500,0.0,0.001,0.03683902512226998,0.28890774324498425,0.038563534458951394,-0.0006842478048497047,0.03449688199381065,0.53125,256,cost_aware,2,0,0.8393164754963468,0.008831801345338
0.1810839174490456,-0.1692858168664887,-0.5670295478071701,-0.8310122107815029,0.26538819212906584,-0.17172780995087755,sp500,0.0,0.0025,0.03683902512226998,0.291426157018739,0.038563534458951394,-0.0007359900260703107,0.0344907317331615,0.53515625,256,cost_aware,2,0,0.8282721900491224,0.022077809977813122
0.18188305789389098,-0.1871404495104052,-0.648858512796016,-0.9467229576281585,0.26537814194616405,-0.18980942343912277,sp500,0.0,0.005,0.03683902512226998,0.29560404802618967,0.038563534458951394,-0.0008222100753312309,0.03448063494251693,0.546875,256,cost_aware,2,0,0.8101905765608772,0.04415014258860865
0.18084192065823207,-0.15549271604100245,-0.5031014839964116,-0.7401731935537978,0.2660583325629007,-0.1577551301486113,sp500,0.0,0,0.03904874666077769,0.28840911602492103,0.038737620224214786,-0.0006706425301508189,0.03167580400920386,0.52734375,256,cost_aware,3,0,0.8422448698513887,-0.0
0.18111951643786178,-0.16220655849892873,-0.5331150693938228,-0.7830898026612246,0.26604546471870005,-0.16455683951422884,sp500,0.0,0.001,0.03904874666077769,0.29009235272638,0.038737620224214786,-0.0007023162648380751,0.03167148359916173,0.53125,256,cost_aware,3,0,0.8354431604857712,0.008108476079937624
0.18154469284665248,-0.17217576785632982,-0.5781120885890966,-0.8471552373805897,0.26603238437555965,-0.1746549220294209,sp500,0.0,0.0025,0.03904874666077769,0.29260971578804007,0.038737620224214786,-0.0007498191553618725,0.03166503107925314,0.53515625,256,cost_aware,3,0,0.8253450779705791,0.02026921605402974
0.18227877073297252,-0.1885240563420879,-0.6530362495023244,-0.9530747125037534,0.2660270193948047,-0.19121035824965338,sp500,0.0,0.005,0.03904874666077769,0.29678543560988624,0.038737620224214786,-0.0008289703839596017,0.03165436167011228,0.5390625,256,cost_aware,3,0,0.8087896417503466,0.040531930575048405
0.1976134154290083,-0.15433853135382447,-0.425705928899317,-0.632166961767176,0.2934529776439563,-0.1565857535034879,sp500,0.0,0,0.03111699256916761,0.29036888892986235,0.024078614772970373,-0.0006652228362062069,0.14155439000966252,0.53515625,256,cost_aware,4,200,0.8434142464965121,-0.0
0.19898309242540682,-0.18397282648528235,-0.5472468083928906,-0.8069654197616764,0.2934187504466237,-0.1866019873986482,sp500,0.0,0.001,0.03111699256916761,0.29748621728518443,0.024078614772970373,-0.0008067762845103667,0.14153867368578027,0.55078125,256,cost_aware,4,200,0.8133980126013518,0.03623768276586491
0.20105653537378726,-0.22648797246076502,-0.7295220134534298,-1.064523465280404,0.29338305877871784,-0.22963470938567887,sp500,0.0,0.0025,0.03111699256916761,0.310101485073184,0.024078614772970373,-0.001019103411066012,0.1415153051454046,0.5546875,256,cost_aware,4,200,0.7703652906143211,0.09059342716411017
0.20456831993498414,-0.29248048741745136,-1.0331342521242544,-1.481586050550047,0.2933651348573038,-0.296355467733353,sp500,0.0,0.005,0.03111699256916761,0.344644413977116,0.024078614772970373,-0.0013729764691391992,0.14147691563603998,0.5703125,256,cost_aware,4,200,0.703644532266647,0.18118493003084607
0.18215469885612748,-0.15270081830167326,-0.4846687759835181,-0.7136195614444552,0.2682020438576323,-0.15492644058213612,sp500,1,0,0.03298125688019883,0.2906395792745683,0.03398818081410634,-0.0006575453236261655,0.036295330587479205,0.52734375,256,downside_lambda1,0,50,0.8450735594178639,-0.0
0.18246970138809568,-0.160414918938113,-0.5188263033085654,-0.7625115534875899,0.2681730948924241,-0.16274183635443118,sp500,1,0.001,0.03298125688019883,0.2925055689044731,0.03398818081410634,-0.00069383912815722,0.03629137623014628,0.53125,256,downside_lambda1,0,50,0.8372581636455688,0.009291213959949935
0.1829507760779347,-0.17185340005434235,-0.570049266962798,-0.8354743610628721,0.2681359166797144,-0.17432841701508983,sp500,1,0.0025,0.03298125688019883,0.2952953427189928,0.03398818081410634,-0.000748274155533561,0.03628547078556533,0.53515625,256,downside_lambda1,0,50,0.8256715829849102,0.02322658096829329
0.18377841886278537,-0.19056926575002908,-0.6553755301729763,-0.9560422132040125,0.26809045840075546,-0.19328111193468844,sp500,1,0.005,0.03298125688019883,0.29992054126866874,0.03398818081410634,-0.000838984427046226,0.03627572584317116,0.53515625,256,downside_lambda1,0,50,0.8067188880653116,0.04644841047553552
0.1804334663907118,-0.15132290528759673,-0.4845621742859572,-0.7145650931731086,0.26607825283312136,-0.15353031477329704,sp500,1,0,0.038873011130030055,0.2892946155563185,0.0394594863030901,-0.0006510972263677569,0.03577054460866534,0.53515625,256,downside_lambda1,1,0,0.846469685226703,-0.0
0.1807280752783298,-0.15893829706432405,-0.5185326167673102,-0.7632945677613139,0.26603680008004393,-0.16124591260022747,sp500,1,0.001,0.038873011130030055,0.29101932468854286,0.0394594863030901,-0.0006868660840008505,0.03576646108014912,0.54296875,256,downside_lambda1,1,0,0.8387540873997725,0.00915682755407206
0.18117912942818426,-0.17023216304597322,-0.5694804736570992,-0.8360284297974663,0.2659808546466895,-0.1726863427628973,sp500,1,0.0025,0.038873011130030055,0.2935986019470468,0.0394594863030901,-0.0007405132215560125,0.03576041536373899,0.54296875,256,downside_lambda1,1,0,0.8273136572371027,0.02289049476819342
0.1819569695823287,-0.18871601779432012,-0.6543630363954511,-0.9562580214739915,0.26590409611867016,-0.19140472079006132,sp500,1,0.005,0.038873011130030055,0.2978767493742722,0.0394594863030901,-0.0008299092188248021,0.03575046183189724,0.546875,256,downside_lambda1,1,0,0.8085952792099387,0.04577587006900358
0.1803165482923431,-0.15103442599902728,-0.48512093135512036,-0.7140791059998784,0.2654189322276935,-0.15323801790477554,sp500,1,0,0.03683902512226998,0.2872239125099385,0.038563534458951394,-0.0006497485808444782,0.03450104719846719,0.5234375,256,downside_lambda1,2,0,0.8467619820952245,-0.0
0.18061989918867055,-0.15838317609924624,-0.517892832551046,-0.7609953268079505,0.26540413493278764,-0.1606835245036532,sp500,1,0.001,0.03683902512226998,0.28890774324498425,0.038563534458951394,-0.0006842478048497047,0.03449688199381065,0.53125,256,downside_lambda1,2,0,0.8393164754963468,0.008831801345338
0.1810839174490456,-0.1692858168664887,-0.5670295478071701,-0.8310122107815029,0.26538819212906584,-0.17172780995087755,sp500,1,0.0025,0.03683902512226998,0.291426157018739,0.038563534458951394,-0.0007359900260703107,0.0344907317331615,0.53515625,256,downside_lambda1,2,0,0.8282721900491224,0.022077809977813122
0.18188305789389098,-0.1871404495104052,-0.648858512796016,-0.9467229576281585,0.26537814194616405,-0.18980942343912277,sp500,1,0.005,0.03683902512226998,0.29560404802618967,0.038563534458951394,-0.0008222100753312309,0.03448063494251693,0.546875,256,downside_lambda1,2,0,0.8101905765608772,0.04415014258860865
0.18084192065823207,-0.15549271604100245,-0.5031014839964116,-0.7401731935537978,0.2660583325629007,-0.1577551301486113,sp500,1,0,0.03904874666077769,0.28840911602492103,0.038737620224214786,-0.0006706425301508189,0.03167580400920386,0.52734375,256,downside_lambda1,3,0,0.8422448698513887,-0.0
0.18111951643786178,-0.16220655849892873,-0.5331150693938228,-0.7830898026612246,0.26604546471870005,-0.16455683951422884,sp500,1,0.001,0.03904874666077769,0.29009235272638,0.038737620224214786,-0.0007023162648380751,0.03167148359916173,0.53125,256,downside_lambda1,3,0,0.8354431604857712,0.008108476079937624
0.18154469284665248,-0.17217576785632982,-0.5781120885890966,-0.8471552373805897,0.26603238437555965,-0.1746549220294209,sp500,1,0.0025,0.03904874666077769,0.29260971578804007,0.038737620224214786,-0.0007498191553618725,0.03166503107925314,0.53515625,256,downside_lambda1,3,0,0.8253450779705791,0.02026921605402974
0.18227877073297252,-0.1885240563420879,-0.6530362495023244,-0.9530747125037534,0.2660270193948047,-0.19121035824965338,sp500,1,0.005,0.03904874666077769,0.29678543560988624,0.038737620224214786,-0.0008289703839596017,0.03165436167011228,0.5390625,256,downside_lambda1,3,0,0.8087896417503466,0.040531930575048405
0.1814212997669536,-0.15496439290747432,-0.49791871928851317,-0.7329287765695292,0.26704939206111633,-0.15721985610718248,sp500,1,0,0.038876840020085554,0.28904656049763555,0.037619522499627495,-0.0006681607696100457,0.02926414563270187,0.53515625,256,downside_lambda1,4,50,0.8427801438928175,-0.0
0.18167007529521173,-0.16117284177739444,-0.5255676346424341,-0.7725108031588772,0.2670295629442981,-0.16350965027975817,sp500,1,0.001,0.038876840020085554,0.2904433113003294,0.037619522499627495,-0.0006974230278079113,0.02926007411801889,0.5390625,256,downside_lambda1,4,50,0.8364903497202418,0.00749113809865382
0.18205207671871468,-0.17039863638514274,-0.5670213110135579,-0.8316197060578671,0.26700600416131753,-0.17285495807881668,sp500,1,0.0025,0.038876840020085554,0.2925332719298579,0.037619522499627495,-0.0007413094379625334,0.02925401585278651,0.5390625,256,downside_lambda1,4,50,0.8271450419211833,0.018726059098236908
0.18271412110381596,-0.18554626446675326,-0.6360504379033647,-0.9294010981265446,0.26698307976467894,-0.18819522625589624,sp500,1,0.005,0.038876840020085554,0.2960028396180018,0.037619522499627495,-0.0008144351334025102,0.02924399868894259,0.54296875,256,downside_lambda1,4,50,0.8118047737441038,0.03744623713087101
0.1797640685441907,-0.14899849165045365,-0.478298276147346,-0.7040987736683643,0.26462913734735766,-0.15117509629912118,sp500,10,0,0.03653240148090271,0.2876562012776799,0.03659274486470966,-0.0006402435633598548,0.04057336558771014,0.52734375,256,downside_lambda10,0,0,0.8488249037008788,-0.0
0.1801204550013223,-0.1576548637845815,-0.5169769205018863,-0.7594588704504965,0.26460383795766484,-0.15994566886662998,sp500,10,0.001,0.03653240148090271,0.28978393384759416,0.03659274486470966,-0.0006808152707646686,0.04056910870596135,0.53125,256,downside_lambda10,0,0,0.84005433113337,0.01038635709563236
0.18066403600823971,-0.17047332267076332,-0.5749798034905713,-0.8420253809313575,0.26457225595912454,-0.17293060516233716,sp500,10,0.0025,0.03653240148090271,0.29296364983886714,0.03659274486470966,-0.0007416667029139709,0.040562767834032634,0.53515625,256,downside_lambda10,0,0,0.8270693948376628,0.02596432372585378
0.18159651414215947,-0.19140219717090046,-0.6715996861481642,-0.9783370230977647,0.2645364444252831,-0.19412442272380837,sp500,10,0.005,0.03653240148090271,0.29823167379248816,0.03659274486470966,-0.0008430699961599699,0.04055233963632092,0.5390625,256,downside_lambda10,0,0,0.8058755772761916,0.05192356679682951
0.1804334663907118,-0.15132290528759673,-0.4845621742859572,-0.7145650931731086,0.26607825283312136,-0.15353031477329704,sp500,10,0,0.038873011130030055,0.2892946155563185,0.0394594863030901,-0.0006510972263677569,0.03577054460866534,0.53515625,256,downside_lambda10,1,0,0.846469685226703,-0.0
0.1807280752783298,-0.15893829706432405,-0.5185326167673102,-0.7632945677613139,0.26603680008004393,-0.16124591260022747,sp500,10,0.001,0.038873011130030055,0.29101932468854286,0.0394594863030901,-0.0006868660840008505,0.03576646108014912,0.54296875,256,downside_lambda10,1,0,0.8387540873997725,0.00915682755407206
0.18117912942818426,-0.17023216304597322,-0.5694804736570992,-0.8360284297974663,0.2659808546466895,-0.1726863427628973,sp500,10,0.0025,0.038873011130030055,0.2935986019470468,0.0394594863030901,-0.0007405132215560125,0.03576041536373899,0.54296875,256,downside_lambda10,1,0,0.8273136572371027,0.02289049476819342
0.1819569695823287,-0.18871601779432012,-0.6543630363954511,-0.9562580214739915,0.26590409611867016,-0.19140472079006132,sp500,10,0.005,0.038873011130030055,0.2978767493742722,0.0394594863030901,-0.0008299092188248021,0.03575046183189724,0.546875,256,downside_lambda10,1,0,0.8085952792099387,0.04577587006900358
0.1803165482923431,-0.15103442599902728,-0.48512093135512036,-0.7140791059998784,0.2654189322276935,-0.15323801790477554,sp500,10,0,0.03683902512226998,0.2872239125099385,0.038563534458951394,-0.0006497485808444782,0.03450104719846719,0.5234375,256,downside_lambda10,2,0,0.8467619820952245,-0.0
0.18061989918867055,-0.15838317609924624,-0.517892832551046,-0.7609953268079505,0.26540413493278764,-0.1606835245036532,sp500,10,0.001,0.03683902512226998,0.28890774324498425,0.038563534458951394,-0.0006842478048497047,0.03449688199381065,0.53125,256,downside_lambda10,2,0,0.8393164754963468,0.008831801345338
0.1810839174490456,-0.1692858168664887,-0.5670295478071701,-0.8310122107815029,0.26538819212906584,-0.17172780995087755,sp500,10,0.0025,0.03683902512226998,0.291426157018739,0.038563534458951394,-0.0007359900260703107,0.0344907317331615,0.53515625,256,downside_lambda10,2,0,0.8282721900491224,0.022077809977813122
0.18188305789389098,-0.1871404495104052,-0.648858512796016,-0.9467229576281585,0.26537814194616405,-0.18980942343912277,sp500,10,0.005,0.03683902512226998,0.29560404802618967,0.038563534458951394,-0.0008222100753312309,0.03448063494251693,0.546875,256,downside_lambda10,2,0,0.8101905765608772,0.04415014258860865
0.18084192065823207,-0.15549271604100245,-0.5031014839964116,-0.7401731935537978,0.2660583325629007,-0.1577551301486113,sp500,10,0,0.03904874666077769,0.28840911602492103,0.038737620224214786,-0.0006706425301508189,0.03167580400920386,0.52734375,256,downside_lambda10,3,0,0.8422448698513887,-0.0
0.18111951643786178,-0.16220655849892873,-0.5331150693938228,-0.7830898026612246,0.26604546471870005,-0.16455683951422884,sp500,10,0.001,0.03904874666077769,0.29009235272638,0.038737620224214786,-0.0007023162648380751,0.03167148359916173,0.53125,256,downside_lambda10,3,0,0.8354431604857712,0.008108476079937624
0.18154469284665248,-0.17217576785632982,-0.5781120885890966,-0.8471552373805897,0.26603238437555965,-0.1746549220294209,sp500,10,0.0025,0.03904874666077769,0.29260971578804007,0.038737620224214786,-0.0007498191553618725,0.03166503107925314,0.53515625,256,downside_lambda10,3,0,0.8253450779705791,0.02026921605402974
0.18227877073297252,-0.1885240563420879,-0.6530362495023244,-0.9530747125037534,0.2660270193948047,-0.19121035824965338,sp500,10,0.005,0.03904874666077769,0.29678543560988624,0.038737620224214786,-0.0008289703839596017,0.03165436167011228,0.5390625,256,downside_lambda10,3,0,0.8087896417503466,0.040531930575048405
0.18042294689306607,-0.15481900544080718,-0.5021194710254532,-0.7384910365624617,0.26535662677769406,-0.15707255491136607,sp500,10,0,0.04145800706368336,0.28824895778398274,0.040356287503065406,-0.0006674780945110135,0.028859247666932514,0.53125,256,downside_lambda10,4,50,0.8429274450886339,-0.0
0.18066630312184317,-0.1609428713797204,-0.5295654621234787,-0.7777452259413838,0.2653351942138727,-0.16327667987311512,sp500,10,0.001,0.04145800706368336,0.28962530302428446,0.040356287503065406,-0.000696335252022631,0.028854995236370924,0.53515625,256,downside_lambda10,4,50,0.8367233201268849,0.007387432322974009
0.18104016562937367,-0.17004394593470862,-0.5707143874023191,-0.8363657847666799,0.2653092396883309,-0.1724957032556893,sp500,10,0.0025,0.04145800706368336,0.2916847300877514,0.040356287503065406,-0.0007396132004068174,0.028848645335960682,0.5390625,256,downside_lambda10,4,50,0.8275042967443107,0.018466587109325684
0.18168861270691117,-0.18498932245568245,-0.6392344848137647,-0.9333420574519248,0.26528234572460424,-0.18763128100862048,sp500,10,0.005,0.04145800706368336,0.2951035843515659,0.040356287503065406,-0.0008117224783560482,0.028838111485201684,0.54296875,256,downside_lambda10,4,50,0.8123687189913795,0.03692656226432879
0.10877427613131317,-0.1355738668770824,-0.8726360861126806,-1.2313217898311508,0.15348452637369117,-0.13757056907640386,sp500,100,0,0.454244171773249,0.1957447130044061,0.4445539172229498,-0.0005781326275117808,0.21807577603813075,0.52734375,256,downside_lambda100,0,400,0.8624294309235961,-0.0
0.110534986106243,-0.18179675118409777,-1.2296911001466428,-1.708412665820715,0.15356650971752409,-0.18439844701785268,sp500,100,0.001,0.454244171773249,0.21926193418861273,0.4445539172229498,-0.0007962083444760631,0.21803925988127643,0.5546875,256,downside_lambda100,0,400,0.8156015529821473,0.05582738354285627
0.11331473967824114,-0.2465383741225896,-1.7634433185430463,-2.392979651966358,0.1537672708085269,-0.24991630007373877,sp500,100,0.0025,0.454244171773249,0.27434516573356393,0.4445539172229498,-0.0011233221827222854,0.21798469780970178,0.578125,256,downside_lambda100,0,400,0.7500836999262612,0.13956852613388915
0.11834580814319948,-0.3432593277982574,-2.6458175516055293,-3.449805457989365,0.15430769767734978,-0.3476278631412387,sp500,100,0.005,0.454244171773249,0.35776922303423697,0.4445539172229498,-0.0016685160852534281,0.2178945028815396,0.62109375,256,downside_lambda100,0,400,0.6523721368587613,0.27913816518186163
0.10575953756861457,-0.14005426958618106,-0.9372207006470579,-1.3216886973589004,0.14914436412451926,-0.14211138880458762,sp500,100,0,0.3441726755865071,0.1903022521225446,0.4498265312969154,-0.000598753951967117,0.22263327801511942,0.515625,256,downside_lambda100,1,450,0.8578886111954124,-0.0
0.10750815922635101,-0.18697165239132207,-1.3154235063148543,-1.8219760737203186,0.1489081599194423,-0.1896385097512815,sp500,100,0.001,0.3441726755865071,0.21473486863298086,0.4498265312969154,-0.0008213861195827177,0.22259584055716788,0.55078125,256,downside_lambda100,1,450,0.8103614902487185,0.05699383490959379
0.11025152387643879,-0.2525914577722552,-1.8838006549560202,-2.539520890100856,0.14862827832290262,-0.2560375050845186,sp500,100,0.0025,0.3441726755865071,0.2700543753858313,0.4498265312969154,-0.0011553306854668445,0.22253990013937117,0.578125,256,downside_lambda100,1,450,0.7439624949154814,0.1424836437759302
0.11515121667492273,-0.3504001599392216,-2.8314382003500285,-3.648021619632772,0.14836069101038665,-0.35483316410844234,sp500,100,0.005,0.3441726755865071,0.3609018549178239,0.4498265312969154,-0.0017118997474069647,0.22244765216138815,0.6328125,256,downside_lambda100,1,450,0.6451668358915577,0.284965323632601
0.10963507455957244,-0.14192505961161683,-0.9055068938782773,-1.2859151047265034,0.15569334627608256,-0.14400729490621833,sp500,100,0,0.3158467779705383,0.21595842344132943,0.4127120523045878,-0.0006073961912633271,0.22324646530302633,0.515625,256,downside_lambda100,2,400,0.8559927050937817,-0.0
0.11160213373206349,-0.18886589041573154,-1.2654415428843013,-1.7667891962472675,0.1558171100551425,-0.19155646753758515,sp500,100,0.001,0.3158467779705383,0.23890669536257747,0.4127120523045878,-0.0008306423623090243,0.22321095840298746,0.53515625,256,downside_lambda100,2,400,0.8084435324624148,0.057151019787698515
0.11465665658393685,-0.25450642047615535,-1.8033401600545296,-2.454616237446607,0.15606489403183957,-0.2579738552230143,sp500,100,0.0025,0.3158467779705383,0.2932013965542809,0.4127120523045878,-0.001165510940964906,0.22315788882696658,0.55859375,256,downside_lambda100,2,400,0.7420261447769857,0.1428773759236043
0.12003531217791999,-0.3523170659661413,-2.692663004991683,-3.5138354691880287,0.1566420813536359,-0.356767162870796,sp500,100,0.005,0.3158467779705383,0.376181289200877,0.4127120523045878,-0.0017236269908980453,0.22307020479389877,0.6015625,256,downside_lambda100,2,400,0.643232837129204,0.2857550847064879
0.10086536571246284,-0.08705067944174905,-0.5279305056150548,-0.7906421030374062,0.15105852763258948,-0.08836951602936083,sp500,100,0,0.3897783293670072,0.16594599577033597,0.45130639999949773,-0.0003614083675648956,0.2527550732996603,0.52734375,256,downside_lambda100,3,550,0.9116304839706392,-0.0
0.1030682857003243,-0.14338714583699907,-0.9487371163404712,-1.3912744655900802,0.1511443703816728,-0.14548896453384574,sp500,100,0.001,0.3897783293670072,0.19498505433879687,0.45130639999949773,-0.0006141635233576878,0.25271012625057054,0.5625,256,downside_lambda100,3,550,0.8545110354661543,0.06470531988295487
0.10653530065668332,-0.22144134696250917,-1.5779196549729138,-2.2417530081588057,0.15135487410246007,-0.2245285710385918,sp500,100,0.0025,0.3897783293670072,0.2502568897709785,0.45130639999949773,-0.0009932974184819884,0.2526430705224333,0.5859375,256,downside_lambda100,3,550,0.7754714289614082,0.16176359703477577
0.11273965204291757,-0.3360501999591925,-2.61820959057917,-3.528157759161492,0.15192186276897632,-0.34035238834187453,sp500,100,0.005,0.3897783293670072,0.3518290868664148,0.45130639999949773,-0.0016251933917138341,0.2525319834945208,0.62109375,256,downside_lambda100,3,550,0.6596476116581255,0.32352896618212823
0.10696042392018075,-0.10361164615899998,-0.6573684746327416,-0.9184606061484473,0.1494427244058337,-0.10516661856753451,sp500,100,0,0.31753750455723495,0.20853301996735918,0.4324061131098978,-0.00043405368763893424,0.21627884249551194,0.5234375,256,downside_lambda100,4,400,0.8948333814324655,-0.0
0.10852110691107682,-0.15115910676468813,-1.0223350252496937,-1.4072744853001806,0.14938252246145203,-0.1533643488221953,sp500,100,0.001,0.31753750455723495,0.2228319237448848,0.4324061131098978,-0.0006503314092805056,0.21623964747139052,0.546875,256,downside_lambda100,4,400,0.8466356511778047,0.05536709674024233
0.11103148011754528,-0.21779276186775742,-1.569112342900279,-2.111132670335578,0.14938521526037213,-0.22083663220269234,sp500,100,0.0025,0.31753750455723495,0.2491741982487934,0.4324061131098978,-0.000974744298200762,0.21618108101150785,0.5703125,256,downside_lambda100,4,400,0.7791633677973077,0.13841679630382792
0.11565434055557253,-0.3174280653179963,-2.4756179737141624,-3.2030225383992357,0.1496367627786384,-0.3215530994180671,sp500,100,0.005,0.31753750455723495,0.3296568511395054,0.4324061131098978,-0.0015154260264905357,0.2160842138761266,0.59765625,256,downside_lambda100,4,400,0.6784469005819329,0.27683131874601
0.0,0.0,,,0.0,0.0,djia,,0,1.0,0.0,1.0,0.0,0.0,0.0,102,cash,,,1.0,-0.0
0.0,0.0,,,0.0,0.0,djia,,0.001,1.0,0.0,1.0,0.0,0.0,0.0,102,cash,,,1.0,-0.0
0.0,0.0,,,0.0,0.0,djia,,0.0025,1.0,0.0,1.0,0.0,0.0,0.0,102,cash,,,1.0,-0.0
0.0,0.0,,,0.0,0.0,djia,,0.005,1.0,0.0,1.0,0.0,0.0,0.0,102,cash,,,1.0,-0.0
0.2043777013654251,-0.05237812082154025,-0.02293134483357635,-0.034553876460562356,0.30796457405909655,-0.02154068924946384,djia,,0,0.0,0.22022221702490863,0.0,-0.00021349094412567043,0.024349490814661295,0.5294117647058824,102,equal_weight_crp,,,0.9784593107505362,-0.0
0.2046803327366752,-0.058173994779143534,-0.04273291700280858,-0.06431726575809352,0.3080641407001194,-0.023967403616469096,djia,,0.001,0.0,0.22062531265664398,0.0,-0.00023783622738036676,0.02434026623080077,0.5294117647058824,102,equal_weight_crp,,,0.9760325963835309,0.0024832188919791326
0.20515492928516768,-0.06679772150372831,-0.0723803574042079,-0.10874508783196668,0.30822714344568136,-0.027594640636075973,djia,,0.0025,0.0,0.2212296754586076,0.0,-0.00027433848112316746,0.024326496559159444,0.5294117647058824,102,equal_weight_crp,,,0.972405359363924,0.006206448773744645
0.2059999928988177,-0.08098588332138512,-0.1216356210179426,-0.18217874356335928,0.30853478254393607,-0.033606018202185894,djia,,0.005,0.0,0.2222362027615411,0.0,-0.0003351341104440391,0.02430367748362612,0.5294117647058824,102,equal_weight_crp,,,0.9663939817978141,0.012407602964473716
0.20569611121105685,-0.0840849177568661,-0.13626540520346994,-0.20263102569707186,0.3058767112192467,-0.034926384691188805,djia,,0,0.0,0.21821202919983584,0.0,-0.00034853818881001256,0.00980392156862745,0.5392156862745098,102,equal_weight_buy_hold,,,0.9650736153088112,-0.0
0.20586406835658452,-0.08634384591855215,-0.14417068853116308,-0.21429046791238499,0.3059894350504134,-0.03589049419699164,djia,,0.001,0.0,0.21821202919983596,0.0,-0.00035833721168337907,0.009794127441186264,0.5392156862745098,102,equal_weight_buy_hold,,,0.9641095058030084,0.000999500333083388
0.20613685119325567,-0.08971758951399023,-0.15598075690101712,-0.23167639230288564,0.30617265202422445,-0.0373330520610361,djia,,0.0025,0.0,0.21821202919983584,0.0,-0.0003730174064432197,0.009779472886411423,0.5392156862745098,102,equal_weight_buy_hold,,,0.9626669479389639,0.0024968801985871545
0.20664626520599103,-0.0953017216514146,-0.17553266947961485,-0.26036491866857775,0.30651523840564365,-0.03972774596138173,djia,,0.005,0.0,0.21821202919983596,0.0,-0.0003974356546045118,0.009755145839430298,0.5392156862745098,102,equal_weight_buy_hold,,,0.9602722540386183,0.004987541511038939
0.6149547211968002,-0.7003960356991189,-1.309320813286094,-1.4941305429350449,0.7017551559088187,-0.3860593473590366,djia,0.0,0,0.022006504173846416,0.45883296623433634,0.006254632145632863,-0.004782911886697245,1.3270838639167846,0.5,102,return_only,0,400,0.6139406526409634,-0.0
0.6222411547655345,-0.7855576027182458,-1.7866589287847456,-2.011787289530935,0.7006467916245315,-0.46378368165828954,djia,0.0,0.001,0.022006504173846416,0.5105509053788129,0.006254632145632863,-0.0061099766699186766,1.3260594991128916,0.5490196078431373,102,return_only,0,400,0.5362163183417105,0.13536060788858617
0.6337381061993779,-0.8701437708294393,-2.5035172817318534,-2.761940148152042,0.6991550374739455,-0.5623131394379028,djia,0.0,0.0025,0.022006504173846416,0.5920703901014979,0.006254632145632863,-0.008100505436408797,1.3245262972526044,0.6274509803921569,102,return_only,0,400,0.4376868605620972,0.33839454207057834
0.6546981991282251,-0.9437138954043391,-3.6990315139057106,-3.938726258520073,0.6971222003970944,-0.6879601885202761,djia,0.0,0.005,0.022006504173846416,0.699137170762604,0.006254632145632863,-0.011417887239376525,1.3219797456115778,0.6666666666666666,102,return_only,0,400,0.3120398114797239,0.6767674859732864
0.3206986017526664,-0.5299956970136694,-1.6020580832861728,-2.079994309406385,0.4163714622080755,-0.26331926324612465,djia,0.0,0,0.011356630541884152,0.3258086037249348,0.002842784390269834,-0.002996085035832846,1.592939077643072,0.5686274509803921,102,return_only,1,550,0.7366807367538754,-0.0
0.33474072177730646,-0.6853944290897018,-2.5652396988530737,-3.1875034189990115,0.41594054373180583,-0.3737972436167384,djia,0.0,0.001,0.011356630541884152,0.4181527733287187,0.002842784390269834,-0.004589030081741995,1.5916031211038955,0.6078431372549019,102,return_only,1,550,0.6262027563832616,0.16248039468273304
0.3567797126084369,-0.8277099249651477,-4.009115377246149,-4.668528488509714,0.41546228923421924,-0.5092421579161424,djia,0.0,0.0025,0.011356630541884152,0.5356062466428246,0.002842784390269834,-0.006978475158424899,1.5896041392846734,0.6274509803921569,102,return_only,1,550,0.4907578420838577,0.40620379250438915
0.3959325196191158,-0.9368453365324881,-6.408091775616333,-6.718456681220692,0.4151088303493821,-0.6730737334014745,djia,0.0,0.005,0.011356630541884152,0.681082600550988,0.002842784390269834,-0.010960986450181306,1.5862860721715506,0.7058823529411765,102,return_only,1,550,0.3269262665985256,0.8124199442635429
0.361657291810785,-0.3111443532377516,-0.5317567797477045,-0.705905961576529,0.4800992635354501,-0.14003560389135072,djia,0.0,0,0.09796822478904979,0.22459429635810513,0.04321594649179138,-0.0014790616712279006,1.2380119311524314,0.5490196078431373,102,return_only,2,400,0.8599643961086493,-0.0
0.36976756430481417,-0.49576336969596635,-1.1873021178252186,-1.534731698492797,0.4779693335783404,-0.24205493425068125,djia,0.0,0.001,0.09796822478904979,0.30225755464762316,0.04321594649179138,-0.0027171016528653104,1.2371503951369311,0.5784313725490197,102,return_only,2,400,0.7579450657493187,0.12628007812701578
0.38272784388669595,-0.6842220242409446,-2.1788122645045784,-2.7042103074433244,0.475018705027942,-0.3728537373008115,djia,0.0,0.0025,0.09796822478904979,0.41355585749009915,0.04321594649179138,-0.0045742695265776736,1.235860774923763,0.6372549019607843,102,return_only,2,400,0.6271462626991885,0.3157112012456768
0.4065739571881821,-0.8552580225233323,-3.8490092681713652,-4.456634624254337,0.4707579142270544,-0.5426584791504504,djia,0.0,0.005,0.09796822478904979,0.5610305948678181,0.04321594649179138,-0.007669851537180561,1.2337185382823488,0.696078431372549,102,return_only,2,400,0.4573415208495496,0.6314605663271714
0.2741882217475046,-0.04760488405176688,0.08946760892905836,0.13658706396885067,0.41859355169564827,-0.019548775686730746,djia,0.0,0,0.013723128534832698,0.20687017232677718,0.0036422419707615467,-0.00019355274815226423,1.3872354437651087,0.5490196078431373,102,return_only,3,400,0.9804512243132693,-0.0
0.28614342482533606,-0.32857535347348665,-0.7481939435639887,-1.0911585343771253,0.41730869748394556,-0.14891078102355182,djia,0.0,0.001,0.013723128534832698,0.23075486070547258,0.0036422419707615467,-0.0015807678014095072,1.386137536528511,0.5784313725490197,102,return_only,3,400,0.8510892189764482,0.1414959354322388
0.3049464016669213,-0.6025570097070697,-2.0106288444788083,-2.740515558625822,0.41564625943272415,-0.31166203800651526,djia,0.0,0.0025,0.013723128534832698,0.3648126820850429,0.0036422419707615467,-0.0036615229199213934,1.3844965072917097,0.5882352941176471,102,return_only,3,400,0.6883379619934847,0.3537329575204512
0.33834280903160885,-0.8341353965619023,-4.1235632315928665,-5.040557065916953,0.41358314180808226,-0.516734238359574,djia,0.0,0.005,0.013723128534832698,0.5386920299884255,0.0036422419707615467,-0.007129299465800141,1.3817736014122666,0.6372549019607843,102,return_only,3,400,0.483265761640426,0.7074461652000834
0.23740028146684333,0.01863488008540859,0.22730601934258615,0.34016698992347183,0.35527321004134693,0.007501266656996686,djia,0.0,0,0.022218252428918055,0.18767553502918344,0.015479964963033867,7.32673731931266e-05,0.6280021813704211,0.5294117647058824,102,return_only,4,200,1.0075012666569967,-0.0
0.2431339669663303,-0.1304582984584306,-0.21845219235875762,-0.3188970726150493,0.3549275907083315,-0.05501030492005199,djia,0.0,0.001,0.022218252428918055,0.20528367527028446,0.015479964963033867,-0.0005547181982858278,0.6277621493969504,0.5392156862745098,102,return_only,4,200,0.944989695079948,0.06405452829085344
0.2519111232149714,-0.314188162982757,-0.887904183309702,-1.2494247019599034,0.3544796679187027,-0.1415756775060646,djia,0.0,0.0025,0.022218252428918055,0.2335660848022605,0.015479964963033867,-0.0014966348370753137,0.6274026013210003,0.5490196078431373,102,return_only,4,200,0.8584243224939354,0.16013002544738097
0.2669661264711138,-0.5382438406861431,-2.0046673844914733,-2.65761342521754,0.3539204395086887,-0.2685796420427091,djia,0.0,0.005,0.022218252428918055,0.29692243015971764,0.015479964963033867,-0.00306634254335503,0.6268063188324993,0.5784313725490197,102,return_only,4,200,0.7314203579572909,0.320240211487912
0.19773508093755093,-0.053814546990473944,-0.039508722496764806,-0.05940469417972822,0.2973113598563173,-0.022141291106559602,djia,0.0,0,0.0322365083771395,0.2113809877918973,0.033282798876410044,-0.00021951067468768204,0.07154708759175515,0.5294117647058824,102,cost_aware,0,50,0.9778587088934404,-0.0
0.19844633277109514,-0.07072021512514137,-0.10005084163889985,-0.1499231404584285,0.29736578857457063,-0.029251087833998546,djia,0.0,0.001,0.0322365083771395,0.21301828980984738,0.033282798876410044,-0.0002910532449302439,0.07153577732602863,0.5294117647058824,102,cost_aware,0,50,0.9707489121660015,0.007297342164741193
0.19953343281620428,-0.09551026446863886,-0.19077908741811936,-0.2844094002612285,0.2974601919284105,-0.03981734746156884,djia,0.0,0.0025,0.0322365083771395,0.21546780440036817,0.033282798876410044,-0.0003983504858540197,0.07151896443354601,0.5294117647058824,102,cost_aware,0,50,0.9601826525384312,0.018241660738966305
0.20139769569332888,-0.1353569270083168,-0.3417343722742231,-0.5050585971489636,0.29765117561625826,-0.0571687476893844,djia,0.0,0.005,0.0322365083771395,0.2195332613969727,0.033282798876410044,-0.0005771368634364338,0.07149139144914342,0.5294117647058824,102,cost_aware,0,50,0.9428312523106156,0.036477871252372625
0.1980359891746572,-0.046838458716540576,-0.013613515084574467,-0.02051784081856238,0.29847330957426776,-0.01922949376139349,djia,0.0,0,0.031208418768118227,0.21349519295851693,0.031075278100397986,-0.00019036064097419596,0.057311784621618005,0.5294117647058824,102,cost_aware,1,0,0.9807705062386065,-0.0
0.19862228372683866,-0.06050461306573873,-0.061933546092458346,-0.09308059699516054,0.29851158075522455,-0.02494573182918869,djia,0.0,0.001,0.031208418768118227,0.2147365194556231,0.031075278100397986,-0.00024766813598883157,0.05730157138654637,0.5294117647058824,102,cost_aware,1,0,0.9750542681708113,0.005845364491492846
0.1995216540826879,-0.08063364570653542,-0.13435282037679125,-0.2010574473120921,0.29858185589888225,-0.033456112599827614,djia,0.0,0.0025,0.031208418768118227,0.21659484549703123,0.031075278100397986,-0.0003336134585963166,0.057286340071092116,0.5294117647058824,102,cost_aware,1,0,0.9665438874001724,0.01461178739745636
0.20107242433984604,-0.11321892090113339,-0.25486322191465605,-0.3786498163577303,0.2987329281130306,-0.04747129113455684,djia,0.0,0.005,0.031208418768118227,0.21968233461005937,0.031075278100397986,-0.0004768140381799046,0.05726117877953809,0.5294117647058824,102,cost_aware,1,0,0.9525287088654432,0.029218246514982314
0.36893592652339774,-0.16514409960918885,-0.11091221681856418,-0.14886043512161004,0.4951660342711226,-0.0704530506864095,djia,0.0,0,0.37890431150593123,0.18929874456127138,0.23895561947729957,-0.0007162545373262534,0.8761498782302148,0.5098039215686274,102,cost_aware,2,500,0.9295469493135905,-0.0
0.3732526048679859,-0.3305405149012103,-0.5596492333901376,-0.740022926473275,0.49355108251462043,-0.14991992795805797,djia,0.0,0.001,0.37890431150593123,0.2190183609193791,0.23895561947729957,-0.001592399328747625,0.87564732095966,0.5392156862745098,102,cost_aware,2,500,0.850080072041942,0.08936676872498009
0.38027299221230604,-0.5192765164226165,-1.2367680960041925,-1.5980179177148433,0.4913476157265315,-0.2565644045150556,djia,0.0,0.0025,0.37890431150593123,0.30913533252055003,0.23895561947729957,-0.0029065994142845764,0.874895106791988,0.6176470588235294,102,cost_aware,2,500,0.7434355954849444,0.22341517744974917
0.3936609729136803,-0.7231884276749143,-2.3734512849561122,-2.9438170496402107,0.4882619210204999,-0.4054102320194265,djia,0.0,0.005,0.37890431150593123,0.43682455976514034,0.23895561947729957,-0.005096897811824242,0.873645723030586,0.6666666666666666,102,cost_aware,2,500,0.5945897679805735,0.446825613998795
0.2779351181204986,-0.20347449072809398,-0.37498010279497396,-0.5364701612005506,0.39763149167123335,-0.08796942499845994,djia,0.0,0,0.065375069480267,0.2049233502001514,0.03294632507317544,-0.0009027623945958472,0.7922257324309224,0.5294117647058824,102,cost_aware,3,300,0.9120305750015401,-0.0
0.2845840583164022,-0.34762467171475164,-0.8774301078731627,-1.2248435172890868,0.39726348095984476,-0.15876822932301993,djia,0.0,0.001,0.065375069480267,0.22616364301160408,0.03294632507317544,-0.0016949810547743267,0.7918162620889531,0.5392156862745098,102,cost_aware,3,300,0.8412317706769801,0.08080630333820495
0.2949338766423552,-0.5164436824786338,-1.6310172785170398,-2.195021927840308,0.39692180764727236,-0.2547942596981544,djia,0.0,0.0025,0.065375069480267,0.305638237473181,0.03294632507317544,-0.002883283698521102,0.791203147209577,0.5686274509803921,102,cost_aware,3,300,0.7452057403018456,0.20201317300037597
0.31317384635847684,-0.7064358656113314,-2.883248890425295,-3.654163626894268,0.3969093622330039,-0.3910993319613467,djia,0.0,0.005,0.065375069480267,0.42423953252547986,0.03294632507317544,-0.004863726776906445,0.7901841868279789,0.6176470588235294,102,cost_aware,3,300,0.6089006680386533,0.4040183669956811
0.1981077338750133,-0.05199422868575554,-0.031764130794336445,-0.04785990170821988,0.2984944474723941,-0.02138026715466823,djia,0.0,0,0.031438434821900015,0.21359910404739224,0.03186537103754717,-0.00021188368595802454,0.050729822012552175,0.5294117647058824,102,cost_aware,4,0,0.9786197328453318,-0.0
0.19862485995785414,-0.06403530478516384,-0.07451773695045419,-0.11200192352450926,0.29853786877421207,-0.0264305730423825,djia,0.0,0.001,0.031438434821900015,0.21463274704041002,0.03186537103754717,-0.00026260921429954205,0.05071999267004251,0.5294117647058824,102,cost_aware,4,0,0.9735694269576175,0.005174003890834803
0.1994205234812821,-0.08180711778566119,-0.13858851033393058,-0.2075248483303654,0.29861576395978434,-0.033955652777783785,djia,0.0,0.0025,0.031438434821900015,0.2161806771256548,0.03186537103754717,-0.00033868174241011143,0.05070540555035738,0.5294117647058824,102,cost_aware,4,0,0.9660443472222162,0.012933401758112771
0.20079865725139812,-0.11067102073950619,-0.2451917944028023,-0.36483420675084416,0.29877924346277057,-0.04636448201836507,djia,0.0,0.005,0.031438434821900015,0.21875386337294944,0.03186537103754717,-0.0004654287956774592,0.050681461328702125,0.5294117647058824,102,cost_aware,4,0,0.9536355179816349,0.025861601191382304
0.19704366443238372,-0.05381488286932057,-0.040863467909025314,-0.06140520029724856,0.29609590915562006,-0.022141431608451057,djia,1,0,0.03292170706004663,0.21027297347194995,0.03426765354605438,-0.00021951208334683916,0.07120469991614174,0.5294117647058824,102,downside_lambda1,0,50,0.9778585683915489,-0.0
0.19775115747805147,-0.07064048796687217,-0.10136351797725371,-0.15180103254322977,0.29615023719405004,-0.029217378105903746,djia,1,0.001,0.03292170706004663,0.21190958627505518,0.03426765354605438,-0.00029071280489661284,0.07119396576103218,0.5294117647058824,102,downside_lambda1,0,50,0.9707826218940963,0.007262473598076926
0.1988326604720307,-0.09531617917781299,-0.1920299882575277,-0.2861090805901856,0.2962445094912054,-0.039733957315751134,djia,1,0.0025,0.03292170706004663,0.2143581538453786,0.03426765354605438,-0.00039749906977428617,0.07117792712137479,0.5294117647058824,102,downside_lambda1,0,50,0.9602660426842489,0.01815467261559963
0.2006876965003878,-0.1349865344751774,-0.34288457031985764,-0.5064740154488421,0.2964353379999364,-0.05700529066190296,djia,1,0.005,0.03292170706004663,0.21842222543163836,0.03426765354605438,-0.0005754373217885067,0.07115138584973983,0.5294117647058824,102,downside_lambda1,0,50,0.942994709338097,0.0363043743210501
0.1980359891746572,-0.046838458716540576,-0.013613515084574467,-0.02051784081856238,0.29847330957426776,-0.01922949376139349,djia,1,0,0.031208418768118227,0.21349519295851693,0.031075278100397986,-0.00019036064097419596,0.057311784621618005,0.5294117647058824,102,downside_lambda1,1,0,0.9807705062386065,-0.0
0.19862228372683866,-0.06050461306573873,-0.061933546092458346,-0.09308059699516054,0.29851158075522455,-0.02494573182918869,djia,1,0.001,0.031208418768118227,0.2147365194556231,0.031075278100397986,-0.00024766813598883157,0.05730157138654637,0.5294117647058824,102,downside_lambda1,1,0,0.9750542681708113,0.005845364491492846
0.1995216540826879,-0.08063364570653542,-0.13435282037679125,-0.2010574473120921,0.29858185589888225,-0.033456112599827614,djia,1,0.0025,0.031208418768118227,0.21659484549703123,0.031075278100397986,-0.0003336134585963166,0.057286340071092116,0.5294117647058824,102,downside_lambda1,1,0,0.9665438874001724,0.01461178739745636
0.20107242433984604,-0.11321892090113339,-0.25486322191465605,-0.3786498163577303,0.2987329281130306,-0.04747129113455684,djia,1,0.005,0.031208418768118227,0.21968233461005937,0.031075278100397986,-0.0004768140381799046,0.05726117877953809,0.5294117647058824,102,downside_lambda1,1,0,0.9525287088654432,0.029218246514982314
0.35530467987253106,-0.11668655148257157,-0.004372555735390123,-0.006022416283431124,0.48936887695330883,-0.04898067707466436,djia,1,0,0.2632430022564557,0.1830748054660668,0.2300035064912855,-0.0004923617461734243,0.9535151613137074,0.5294117647058824,102,downside_lambda1,2,600,0.9510193229253356,-0.0
0.3602281639431014,-0.30535887931083083,-0.498160716298038,-0.6744547867088265,0.4877092904559756,-0.1371194614736524,djia,1,0.001,0.2632430022564557,0.22318264082894568,0.2300035064912855,-0.0014458727773530205,0.9529231123101088,0.5490196078431373,102,downside_lambda1,2,600,0.8628805385263476,0.09725812518031875
0.36832934264052297,-0.5155706764728935,-1.2433527314192891,-1.6388148169483758,0.485480563144062,-0.2542499916998413,djia,1,0.0025,0.2632430022564557,0.2997794124263097,0.2300035064912855,-0.002876125926052266,0.9520369119145218,0.6078431372549019,102,downside_lambda1,2,600,0.7457500083001587,0.243143946347642
0.38379297650802907,-0.7343256164514437,-2.493954123213502,-3.1351393902281943,0.48246455985038134,-0.41521169242798195,djia,1,0.005,0.2632430022564557,0.43998297095540195,0.2300035064912855,-0.005259856516062222,0.9505648702190278,0.6568627450980392,102,downside_lambda1,2,600,0.584788307572018,0.48628446652865726
0.19759711162260865,-0.04351937840378772,-0.0022234669909238646,-0.0033558699111186003,0.2982325369007297,-0.017848572898892523,djia,1,0,0.032386134799270765,0.21238774574636232,0.032255413502013754,-0.00017656646828504466,0.05750435699317327,0.5294117647058824,102,downside_lambda1,3,0,0.9821514271011075,-0.0
0.19820543730710577,-0.057278853607141134,-0.050689369200203144,-0.07629313921601605,0.2983212310675541,-0.02359203150314826,djia,1,0.001,0.032386134799270765,0.2136336871723018,0.032255413502013754,-0.00023406646468480952,0.057494087179092795,0.5294117647058824,102,downside_lambda1,3,0,0.9764079684968517,0.005864999632776069
0.1991381156313359,-0.07754404471180432,-0.12329697273335469,-0.18479674564650755,0.2984669849310381,-0.03214269996810992,djia,1,0.0025,0.032386134799270765,0.21549890934099292,0.032255413502013754,-0.00032030019504891374,0.057478739905598646,0.5294117647058824,102,downside_lambda1,3,0,0.9678573000318901,0.014660840129914627
0.20074504786839223,-0.11034642265559103,-0.2440406605974255,-0.3631747796835864,0.2987434075686299,-0.04622361205998193,djia,1,0.005,0.032386134799270765,0.21859781415938007,0.032255413502013754,-0.00046398067844427294,0.05745341422588624,0.5294117647058824,102,downside_lambda1,3,0,0.9537763879400181,0.029316249436241306
0.1972232133859071,-0.055632140750910164,-0.046521245993551265,-0.07001841342406563,0.29683763185516104,-0.022902046030230383,djia,1,0,0.03153456595370283,0.21263044391487962,0.03282542772010049,-0.00022714090212215592,0.06135065661748266,0.5294117647058824,102,downside_lambda1,4,50,0.9770979539697696,-0.0
0.19783814331606386,-0.0701190576693691,-0.09854525250601358,-0.1478705040562005,0.29686286482348795,-0.028996952707855628,djia,1,0.001,0.03153456595370283,0.21388557026763488,0.03282542772010049,-0.0002884869842432085,0.061339945861644006,0.5294117647058824,102,downside_lambda1,4,50,0.9710030472921444,0.006257300376347426
0.19878089115601694,-0.09142991464139116,-0.1765233989676617,-0.26366823099501857,0.29691364563131944,-0.038066432100515524,djia,1,0.0025,0.03153456595370283,0.2157644217823268,0.03282542772010049,-0.00038048908763200405,0.061323955956935294,0.5294117647058824,102,downside_lambda1,4,50,0.9619335678994845,0.015641514922004496
0.20040503709807647,-0.12585855075500907,-0.3063044773023656,-0.4539923682303658,0.2970324110138216,-0.052990134793177046,djia,1,0.005,0.03153456595370283,0.21888567762250843,0.03282542772010049,-0.0005337820443653736,0.0612976662226591,0.5294117647058824,102,downside_lambda1,4,50,0.947009865206823,0.03127739650880816
0.18395422042983472,-0.11504078417295849,-0.33342390547855544,-0.47757881240883776,0.26348632082748,-0.0482638706169678,djia,10,0,0.04832509321684928,0.16429441357257224,0.07906039359113219,-0.0004849750747910776,0.24695348839721495,0.5392156862745098,102,downside_lambda10,0,150,0.9517361293830322,-0.0
0.18636247524899857,-0.16843415352357716,-0.5684679832732544,-0.8046556988166857,0.2637925655746346,-0.07193752469808845,djia,10,0.001,0.04832509321684928,0.17116326717618413,0.07906039359113219,-0.0007319237837096493,0.24690652771702212,0.5490196078431373,102,downside_lambda10,0,150,0.9280624753019115,0.025188768309694298
0.19004173486167458,-0.24254178794590342,-0.9197065604991952,-1.279040085352002,0.2642919026759857,-0.10634685340623562,djia,10,0.0025,0.04832509321684928,0.18136069586257542,0.07906039359113219,-0.0011023290028787452,0.246836157033116,0.5588235294117647,102,downside_lambda10,0,150,0.8936531465937644,0.06297010066494214
0.19634499550925802,-0.3516633625587714,-1.5011245996518454,-2.027770235574374,0.2652295071908078,-0.16088006665601629,djia,10,0.005,0.04832509321684928,0.200854572272809,0.07906039359113219,-0.0017196238702393168,0.24671905959289514,0.5784313725490197,102,downside_lambda10,0,150,0.8391199333439837,0.12593417713572042
0.18733660869682417,-0.10648534582844671,-0.27987678071700584,-0.40603939189426,0.27178404181983473,-0.04455031256249309,djia,10,0,0.031881593071621014,0.18800281693231324,0.04557012961484158,-0.00044679580814932144,0.22998923496221782,0.5294117647058824,102,downside_lambda10,1,150,0.9554496874375069,-0.0
0.18960533061405557,-0.1567977657821472,-0.4932689713675549,-0.7067740163112426,0.27167352663717853,-0.06670273426327789,djia,10,0.001,0.031881593071621014,0.19454255948245147,0.04557012961484158,-0.0006767795694819256,0.22994873961066778,0.5294117647058824,102,downside_lambda10,1,150,0.9332972657367221,0.023458343655925577
0.19304867763402572,-0.22700073418620814,-0.8134549200963876,-1.1441837255563818,0.2715370572260595,-0.09897020569881787,djia,10,0.0025,0.031881593071621014,0.204253627805564,0.04557012961484158,-0.0010217348419971227,0.2298880937862756,0.5392156862745098,102,downside_lambda10,1,150,0.9010297943011821,0.058643781452475716
0.19889218613354767,-0.33125019305151393,-1.3470557178776246,-1.8380510825279752,0.27138743644925756,-0.15028479419415597,djia,10,0.005,0.031881593071621014,0.22017947409307514,0.04557012961484158,-0.0015966082120917595,0.22978755565299241,0.5588235294117647,102,downside_lambda10,1,150,0.849715205805844,0.1172808652021286
0.18592883281025108,-0.11530454803016066,-0.31755439939042435,-0.4633157253903989,0.2712724251650512,-0.04837869833782682,djia,10,0,0.04928859826699515,0.18821891560986626,0.06307612064510892,-0.00048615799708639574,0.22295120333140253,0.5490196078431373,102,downside_lambda10,2,150,0.9516213016621732,-0.0
0.18787263550771285,-0.1636384580910829,-0.5253190137745394,-0.7577390388504068,0.27099424639711533,-0.06977486584889447,djia,10,0.001,0.04928859826699515,0.19396842307554896,0.06307612064510892,-0.0007091043372454355,0.22291456682851354,0.5588235294117647,102,downside_lambda10,2,150,0.9302251341511055,0.022740526696222015
0.1908340299065256,-0.23123006618049768,-0.8375661234713202,-1.1876603600240205,0.2706007398249073,-0.1009688713934056,djia,10,0.0025,0.04928859826699515,0.2025163835451269,0.06307612064510892,-0.0010435060715312703,0.22285982950517524,0.5588235294117647,102,downside_lambda10,2,150,0.8990311286065944,0.05684950359337718
0.1958866953138303,-0.3319554941429357,-1.3593432877473515,-1.873704431304819,0.2700081519889021,-0.15064763847428198,djia,10,0.005,0.04928859826699515,0.21656191892194443,0.06307612064510892,-0.0016007955640093107,0.2227688225446485,0.5686274509803921,102,downside_lambda10,2,150,0.849352361525718,0.11369303182613734
0.19407857146007618,-0.05738076714647766,-0.05857146265695953,-0.08809089753781273,0.2918922420105075,-0.023634757632914005,djia,10,0,0.03660796906199627,0.20806079268169275,0.03657578920119525,-0.0002344954787893569,0.06634600526457919,0.5294117647058824,102,downside_lambda10,3,50,0.976365242367086,-0.0
0.1947549925913322,-0.07300868074236344,-0.11571323618504815,-0.17347433212662208,0.29197171716879267,-0.03021941708418263,djia,10,0.001,0.03660796906199627,0.2095667573274046,0.03657578920119525,-0.00030083761031447103,0.06633563380842057,0.5294117647058824,102,downside_lambda10,3,50,0.9697805829158174,0.006766897415561672
0.1957904917339091,-0.09596279063433222,-0.20132541545629554,-0.3003618010625814,0.29210412701664906,-0.0400118199714069,djia,10,0.0025,0.03660796906199627,0.2118203570261361,0.03657578920119525,-0.0004003363437869574,0.06632012366132609,0.5294117647058824,102,downside_lambda10,3,50,0.9599881800285931,0.016915768229755324
0.19757046203760223,-0.13295545559443966,-0.3437126572939795,-0.5086170050287175,0.2923596048944961,-0.05610969993389281,djia,10,0.005,0.03660796906199627,0.21556217610046957,0.03657578920119525,-0.0005661306582975252,0.06629466398656048,0.5294117647058824,102,downside_lambda10,3,50,0.9438903000661072,0.03382678830983317
0.17431700823034996,-0.0752472554990129,-0.17977499634789268,-0.26358737191915455,0.2555848311148425,-0.031168013486452262,djia,10,0,0.041881073738741594,0.17315849135252792,0.072780767707857,-0.00031043206525304453,0.2624064599472067,0.5392156862745098,102,downside_lambda10,4,150,0.9688319865135477,-0.0
0.17708755706006127,-0.1344187045539993,-0.43766451986059085,-0.6322864902795023,0.25583538268384887,-0.05675478389261723,djia,10,0.001,0.041881073738741594,0.18066131978219802,0.072780767707857,-0.0005728332535575297,0.26235741601883844,0.5392156862745098,102,downside_lambda10,4,150,0.9432452161073828,0.026764921207057528
0.1813002908922315,-0.21614929241159897,-0.8232674068857698,-1.1635805535279156,0.2562441936443935,-0.09387170669862754,djia,10,0.0025,0.041881073738741594,0.19178798073898673,0.072780767707857,-0.0009664154792026447,0.2622839749882479,0.5588235294117647,102,downside_lambda10,4,150,0.9061282933013725,0.06691030822285929
0.18846509471953088,-0.3355717637096207,-1.4622407345084298,-1.9940785531455214,0.2570125387206475,-0.15251163056795225,djia,10,0.005,0.041881073738741594,0.2099973467382441,0.072780767707857,-0.00162233493338934,0.2621619255790545,0.5686274509803921,102,downside_lambda10,4,150,0.8474883694320478,0.1338140925499022
0.0971914887919404,-0.09922397855328613,-0.6851191334622859,-0.9771540159439767,0.13861976545404195,-0.04141502763468463,djia,100,0,0.32082446131121084,0.08573846092860016,0.5092101290372547,-0.0004146771473273924,0.342517479649999,0.5196078431372549,102,downside_lambda100,0,350,0.9585849723653154,-0.0
0.1002991732068939,-0.17371233577046608,-1.3064141367566928,-1.8067626990144199,0.13871313834837373,-0.07432636433444928,djia,100,0.001,0.32082446131121084,0.1139717505967367,0.5092101290372547,-0.0007571916837742836,0.342438317955985,0.5882352941176471,102,downside_lambda100,0,350,0.9256736356655507,0.03493648271758287
0.10520502678865737,-0.27405436644079406,-2.2343052893208526,-2.951482198808054,0.13897418820783916,-0.12158594206162265,djia,100,0.0025,0.32082446131121084,0.15469443498962498,0.5092101290372547,-0.0012709529835953587,0.34231983277093314,0.6274509803921569,102,downside_lambda100,0,350,0.8784140579383773,0.08734013529933253
0.11405696390711273,-0.4149474189624327,-3.7630270623632547,-4.609998590848298,0.1397285839762233,-0.1950491484796637,djia,100,0.005,0.32082446131121084,0.2193977908944471,0.5092101290372547,-0.0021271966415632388,0.34212304156860096,0.6862745098039216,102,downside_lambda100,0,350,0.8049508515203363,0.17467698841205628
0.11995706144006602,-0.14902760954907546,-0.9029504527205579,-1.2337702599936056,0.16390650720098984,-0.0632311259267333,djia,100,0,0.20652730822455254,0.10445013663031799,0.4110477983503031,-0.0006403793436051878,0.3908353289665487,0.5588235294117647,102,downside_lambda100,1,350,0.9367688740732667,-0.0
0.12354866029548404,-0.2288439898126865,-1.504660996500821,-1.9945210055836113,0.16377137358124,-0.09984047520240291,djia,100,0.001,0.20652730822455254,0.1366850987477901,0.4110477983503031,-0.0010312086430353314,0.3907356830340693,0.5784313725490197,102,downside_lambda100,1,350,0.9001595247975971,0.03986458854187464
0.12908903978430786,-0.33475011185308656,-2.4070437005125496,-3.0518316034863533,0.1636688237914291,-0.1520875841742042,djia,100,0.0025,0.20652730822455254,0.18287292031150593,0.4110477983503031,-0.001617430703417752,0.39058657821590087,0.6078431372549019,102,downside_lambda100,1,350,0.8479124158257958,0.09965923870088161
0.13875084434868837,-0.47993014825508984,-3.9056485077365073,-4.6097391045895835,0.16376414613911336,-0.2325102497966296,djia,100,0.005,0.20652730822455254,0.25541423645048433,0.4110477983503031,-0.0025944132783710105,0.3903391040093844,0.6764705882352942,102,downside_lambda100,1,350,0.7674897502033704,0.19931146134611388
0.12892772236661923,-0.26840218946611305,-1.8218445150403388,-2.3188451491102966,0.1640993076673475,-0.1188240469438887,djia,100,0,0.09097059732339412,0.15267232607645032,0.39116695228051285,-0.0012401760126158326,0.3116647527767485,0.5294117647058824,102,downside_lambda100,2,300,0.8811759530561113,-0.0
0.1316754830897947,-0.3236624591281644,-2.3003262575937318,-2.8660878519079,0.16406085929416778,-0.1463955855929573,djia,100,0.001,0.09097059732339412,0.17681992198094132,0.39116695228051285,-0.0015518373283412911,0.31160165123595107,0.5490196078431373,102,downside_lambda100,2,300,0.8536044144070427,0.03178945420399665
0.1358891911889145,-0.3988241691575688,-3.0169416879209554,-3.6425216736890755,0.16406658640684613,-0.18614276023656628,djia,100,0.0025,0.09097059732339412,0.21204164817869386,0.39116695228051285,-0.002019316759673212,0.3115071649813187,0.5882352941176471,102,downside_lambda100,2,300,0.8138572397634337,0.07947235619985268
0.14320849751442416,-0.50599084135263,-4.205907252417381,-4.823723003767868,0.16424473540121917,-0.2483154992454777,djia,100,0.005,0.09097059732339412,0.26742672380709,0.39116695228051285,-0.0027984175483891666,0.31135012956732633,0.6372549019607843,102,downside_lambda100,2,300,0.7516845007545223,0.15894063664888017
0.10659026237774988,-0.16987352142359513,-1.1721762666070101,-1.6425841149803444,0.14936616341847364,-0.0725880675203795,djia,100,0,0.24526454851043694,0.11243065682363995,0.4898244837352749,-0.0007387984364037129,0.3297526061492781,0.5294117647058824,102,downside_lambda100,3,350,0.9274119324796205,-0.0
0.10940116869248784,-0.23606616664633906,-1.7271526448038605,-2.3591298511289405,0.14943181981471615,-0.10326231650296536,djia,100,0.001,0.24526454851043694,0.13653014719801715,0.4898244837352749,-0.0010685480123973406,0.3296825454849399,0.5784313725490197,102,downside_lambda100,3,350,0.8967376834970346,0.033634456751349975
0.11383440901468966,-0.3255897623146907,-2.5569135480059555,-3.3604765250384947,0.1496092269266681,-0.1473809833209616,djia,100,0.0025,0.24526454851043694,0.1730487010581333,0.4898244837352749,-0.0015631614760904528,0.3295776794178659,0.6274509803921569,102,downside_lambda100,3,350,0.8526190166790384,0.08408503004804749
0.12182775699744007,-0.45209185190687984,-3.9288445185094325,-4.8410437881058765,0.1501137302463382,-0.21613936529001754,djia,100,0.005,0.24526454851043694,0.2339019095285454,0.4898244837352749,-0.0023874905517916817,0.3294034812288515,0.6666666666666666,102,downside_lambda100,3,350,0.7838606347099825,0.16816659576957288
0.10856612669035574,-0.171771478774001,-1.237710076776249,-1.6406939253175175,0.14391398106740916,-0.07344690358244532,djia,100,0,0.18344915128330566,0.112530954498955,0.471699070969333,-0.0007478816303840232,0.327957461157721,0.5294117647058824,102,downside_lambda100,4,350,0.9265530964175547,-0.0
0.11170950898584782,-0.23746836484482703,-1.809695848668938,-2.333461563512693,0.14404069373816533,-0.10392890240516905,djia,100,0.001,0.18344915128330566,0.13773891924519366,0.471699070969333,-0.0010758384231472544,0.3278896734199647,0.5784313725490197,102,downside_lambda100,4,350,0.896071097594831,0.033451592861849566
0.11660047839977326,-0.32637277140997545,-2.663722308379088,-3.29694216346846,0.144318734842422,-0.1477818015205119,djia,100,0.0025,0.18344915128330566,0.17421535088374152,0.471699070969333,-0.0015677714062692775,0.32778814447831256,0.5980392156862745,102,downside_lambda100,4,350,0.8522181984794881,0.0836287571402959
0.12520243587511076,-0.45211463964930976,-4.072104529655348,-4.7164723315397135,0.1450144072545001,-0.21615256114106407,djia,100,0.005,0.18344915128330566,0.23161440308824943,0.471699070969333,-0.002387655596663077,0.3276193686195378,0.6274509803921569,102,downside_lambda100,4,350,0.7838474388589359,0.16725694456046344
